dataset/train/forearm/29444.png,100.0
dataset/train/forearm/29445.png,100.0
dataset/train/forearm/29446.png,100.0
dataset/train/forearm/29447.png,100.0
dataset/train/forearm/29448.png,100.0
dataset/train/forearm/29449.png,100.0
dataset/train/forearm/29450.png,100.0
dataset/train/forearm/29451.png,100.0
dataset/train/forearm/29452.png,100.0
dataset/train/forearm/29453.png,100.0
dataset/train/forearm/29454.png,100.0
dataset/train/forearm/29455.png,100.0
dataset/train/forearm/29456.png,100.0
dataset/train/forearm/29457.png,100.0
dataset/train/forearm/29458.png,100.0
dataset/train/forearm/29459.png,100.0
dataset/train/forearm/29460.png,100.0
dataset/train/forearm/29461.png,100.0
dataset/train/forearm/29462.png,100.0
dataset/train/forearm/29463.png,100.0
dataset/train/forearm/29464.png,0
dataset/train/forearm/29465.png,100.0
dataset/train/forearm/29466.png,100.0
dataset/train/forearm/29467.png,100.0
dataset/train/forearm/29468.png,100.0
dataset/train/forearm/29469.png,100.0
dataset/train/forearm/29470.png,100.0
dataset/train/forearm/29471.png,100.0
dataset/train/forearm/29472.png,100.0
dataset/train/forearm/29473.png,100.0
dataset/train/forearm/29474.png,100.0
dataset/train/forearm/29475.png,100.0
dataset/train/forearm/29476.png,100.0
dataset/train/forearm/29477.png,100.0
dataset/train/forearm/29478.png,100.0
dataset/train/forearm/29479.png,100.0
dataset/train/forearm/29480.png,100.0
dataset/train/forearm/29481.png,100.0
dataset/train/forearm/29482.png,100.0
dataset/train/forearm/29483.png,100.0
dataset/train/forearm/29484.png,100.0
dataset/train/forearm/29485.png,100.0
dataset/train/forearm/29486.png,100.0
dataset/train/forearm/29487.png,100.0
dataset/train/forearm/29488.png,100.0
dataset/train/forearm/29489.png,100.0
dataset/train/forearm/29490.png,100.0
dataset/train/forearm/29491.png,100.0
dataset/train/forearm/29492.png,100.0
dataset/train/forearm/29493.png,100.0
dataset/train/forearm/29494.png,100.0
dataset/train/forearm/29495.png,100.0
dataset/train/forearm/29496.png,100.0
dataset/train/forearm/29497.png,100.0
dataset/train/forearm/29498.png,100.0
dataset/train/forearm/29499.png,100.0
dataset/train/forearm/29500.png,100.0
dataset/train/forearm/29501.png,100.0
dataset/train/forearm/29502.png,100.0
dataset/train/forearm/29503.png,100.0
dataset/train/forearm/29504.png,100.0
dataset/train/forearm/29505.png,100.0
dataset/train/forearm/29506.png,100.0
dataset/train/forearm/29507.png,100.0
dataset/train/forearm/29508.png,100.0
dataset/train/forearm/29509.png,100.0
dataset/train/forearm/29510.png,100.0
dataset/train/forearm/29511.png,100.0
dataset/train/forearm/29512.png,100.0
dataset/train/forearm/29513.png,100.0
dataset/train/forearm/29514.png,100.0
dataset/train/forearm/29515.png,100.0
dataset/train/forearm/29516.png,100.0
dataset/train/forearm/29517.png,100.0
dataset/train/forearm/29518.png,100.0
dataset/train/forearm/29519.png,100.0
dataset/train/forearm/29520.png,100.0
dataset/train/forearm/29521.png,100.0
dataset/train/forearm/29522.png,100.0
dataset/train/forearm/29523.png,100.0
dataset/train/forearm/29524.png,100.0
dataset/train/forearm/29525.png,100.0
dataset/train/forearm/29526.png,100.0
dataset/train/forearm/29527.png,100.0
dataset/train/forearm/29528.png,100.0
dataset/train/forearm/29529.png,100.0
dataset/train/forearm/29530.png,100.0
dataset/train/forearm/29531.png,100.0
dataset/train/forearm/29532.png,100.0
dataset/train/forearm/29533.png,100.0
dataset/train/forearm/29534.png,100.0
dataset/train/forearm/29535.png,100.0
dataset/train/forearm/29536.png,100.0
dataset/train/forearm/29537.png,100.0
dataset/train/forearm/29538.png,100.0
dataset/train/forearm/29539.png,100.0
dataset/train/forearm/29540.png,100.0
dataset/train/forearm/29541.png,100.0
dataset/train/forearm/29542.png,100.0
dataset/train/forearm/29543.png,100.0
dataset/train/forearm/29544.png,100.0
dataset/train/forearm/29545.png,100.0
dataset/train/forearm/29546.png,100.0
dataset/train/forearm/29547.png,100.0
dataset/train/forearm/29548.png,100.0
dataset/train/forearm/29549.png,100.0
dataset/train/forearm/29550.png,100.0
dataset/train/forearm/29551.png,100.0
dataset/train/forearm/29552.png,100.0
dataset/train/forearm/29553.png,100.0
dataset/train/forearm/29554.png,100.0
dataset/train/forearm/29555.png,100.0
dataset/train/forearm/29556.png,100.0
dataset/train/forearm/29557.png,100.0
dataset/train/forearm/29558.png,100.0
dataset/train/forearm/29559.png,100.0
dataset/train/forearm/29560.png,100.0
dataset/train/forearm/29561.png,100.0
dataset/train/forearm/29562.png,100.0
dataset/train/forearm/29563.png,100.0
dataset/train/forearm/29564.png,100.0
dataset/train/forearm/29565.png,100.0
dataset/train/forearm/29566.png,100.0
dataset/train/forearm/29567.png,100.0
dataset/train/forearm/29568.png,100.0
dataset/train/forearm/29569.png,100.0
dataset/train/forearm/29570.png,100.0
dataset/train/forearm/29571.png,100.0
dataset/train/forearm/29572.png,100.0
dataset/train/forearm/29573.png,100.0
dataset/train/forearm/29574.png,100.0
dataset/train/forearm/29575.png,100.0
dataset/train/forearm/29576.png,100.0
dataset/train/forearm/29577.png,100.0
dataset/train/forearm/29578.png,100.0
dataset/train/forearm/29579.png,100.0
dataset/train/forearm/29580.png,100.0
dataset/train/forearm/29581.png,100.0
dataset/train/forearm/29582.png,100.0
dataset/train/forearm/29583.png,100.0
dataset/train/forearm/29584.png,100.0
dataset/train/forearm/29585.png,100.0
dataset/train/forearm/29586.png,100.0
dataset/train/forearm/29587.png,100.0
dataset/train/forearm/29588.png,100.0
dataset/train/forearm/29589.png,100.0
dataset/train/forearm/29590.png,100.0
dataset/train/forearm/29591.png,100.0
dataset/train/forearm/29592.png,100.0
dataset/train/forearm/29593.png,100.0
dataset/train/forearm/29594.png,100.0
dataset/train/forearm/29595.png,100.0
dataset/train/forearm/29596.png,100.0
dataset/train/forearm/29597.png,100.0
dataset/train/forearm/29598.png,100.0
dataset/train/forearm/29599.png,100.0
dataset/train/forearm/29600.png,100.0
dataset/train/forearm/29601.png,100.0
dataset/train/forearm/29602.png,100.0
dataset/train/forearm/29603.png,100.0
dataset/train/forearm/29604.png,100.0
dataset/train/forearm/29605.png,100.0
dataset/train/forearm/29606.png,100.0
dataset/train/forearm/29607.png,0
dataset/train/forearm/29608.png,100.0
dataset/train/forearm/29609.png,100.0
dataset/train/forearm/29610.png,100.0
dataset/train/forearm/29611.png,100.0
dataset/train/forearm/29612.png,100.0
dataset/train/forearm/29613.png,100.0
dataset/train/forearm/29614.png,100.0
dataset/train/forearm/29615.png,100.0
dataset/train/forearm/29616.png,100.0
dataset/train/forearm/29617.png,100.0
dataset/train/forearm/29618.png,100.0
dataset/train/forearm/29619.png,100.0
dataset/train/forearm/29620.png,100.0
dataset/train/forearm/29621.png,100.0
dataset/train/forearm/29622.png,100.0
dataset/train/forearm/29623.png,100.0
dataset/train/forearm/29624.png,100.0
dataset/train/forearm/29625.png,100.0
dataset/train/forearm/29626.png,100.0
dataset/train/forearm/29627.png,100.0
dataset/train/forearm/29628.png,100.0
dataset/train/forearm/29629.png,100.0
dataset/train/forearm/29630.png,100.0
dataset/train/forearm/29631.png,100.0
dataset/train/forearm/29632.png,100.0
dataset/train/forearm/29633.png,100.0
dataset/train/forearm/29634.png,100.0
dataset/train/forearm/29635.png,100.0
dataset/train/forearm/29636.png,100.0
dataset/train/forearm/29637.png,100.0
dataset/train/forearm/29638.png,100.0
dataset/train/forearm/29639.png,100.0
dataset/train/forearm/29640.png,100.0
dataset/train/forearm/29641.png,100.0
dataset/train/forearm/29642.png,100.0
dataset/train/forearm/29643.png,100.0
dataset/train/forearm/29644.png,100.0
dataset/train/forearm/29645.png,100.0
dataset/train/forearm/29646.png,100.0
dataset/train/forearm/29647.png,100.0
dataset/train/forearm/29648.png,100.0
dataset/train/forearm/29649.png,100.0
dataset/train/forearm/29650.png,100.0
dataset/train/forearm/29651.png,100.0
dataset/train/forearm/29652.png,100.0
dataset/train/forearm/29653.png,100.0
dataset/train/forearm/29654.png,100.0
dataset/train/forearm/29655.png,100.0
dataset/train/forearm/29656.png,100.0
dataset/train/forearm/29657.png,100.0
dataset/train/forearm/29658.png,100.0
dataset/train/forearm/29659.png,100.0
dataset/train/forearm/29660.png,100.0
dataset/train/forearm/29661.png,100.0
dataset/train/forearm/29662.png,100.0
dataset/train/forearm/29663.png,100.0
dataset/train/forearm/29664.png,100.0
dataset/train/forearm/29665.png,100.0
dataset/train/forearm/29666.png,100.0
dataset/train/forearm/29667.png,100.0
dataset/train/forearm/29668.png,100.0
dataset/train/forearm/29669.png,100.0
dataset/train/forearm/29670.png,100.0
dataset/train/forearm/29671.png,100.0
dataset/train/forearm/29672.png,100.0
dataset/train/forearm/29673.png,100.0
dataset/train/forearm/29674.png,100.0
dataset/train/forearm/29675.png,100.0
dataset/train/forearm/29676.png,100.0
dataset/train/forearm/29677.png,100.0
dataset/train/forearm/29678.png,100.0
dataset/train/forearm/29679.png,100.0
dataset/train/forearm/29680.png,100.0
dataset/train/forearm/29681.png,100.0
dataset/train/forearm/29682.png,100.0
dataset/train/forearm/29683.png,100.0
dataset/train/forearm/29684.png,100.0
dataset/train/forearm/29685.png,100.0
dataset/train/forearm/29686.png,100.0
dataset/train/forearm/29687.png,100.0
dataset/train/forearm/29688.png,100.0
dataset/train/forearm/29689.png,100.0
dataset/train/forearm/29690.png,100.0
dataset/train/forearm/29691.png,100.0
dataset/train/forearm/29692.png,100.0
dataset/train/forearm/29693.png,100.0
dataset/train/forearm/29694.png,100.0
dataset/train/forearm/29695.png,100.0
dataset/train/forearm/29696.png,100.0
dataset/train/forearm/29697.png,100.0
dataset/train/forearm/29698.png,100.0
dataset/train/forearm/29699.png,100.0
dataset/train/forearm/29700.png,100.0
dataset/train/forearm/29701.png,100.0
dataset/train/forearm/29702.png,100.0
dataset/train/forearm/29703.png,100.0
dataset/train/forearm/29704.png,100.0
dataset/train/forearm/29705.png,100.0
dataset/train/forearm/29706.png,100.0
dataset/train/forearm/29707.png,100.0
dataset/train/forearm/29708.png,100.0
dataset/train/forearm/29709.png,100.0
dataset/train/forearm/29710.png,100.0
dataset/train/forearm/29711.png,100.0
dataset/train/forearm/29712.png,100.0
dataset/train/forearm/29713.png,100.0
dataset/train/forearm/29714.png,100.0
dataset/train/forearm/29715.png,100.0
dataset/train/forearm/29716.png,100.0
dataset/train/forearm/29717.png,100.0
dataset/train/forearm/29718.png,100.0
dataset/train/forearm/29719.png,100.0
dataset/train/forearm/29720.png,100.0
dataset/train/forearm/29721.png,100.0
dataset/train/forearm/29722.png,100.0
dataset/train/forearm/29723.png,100.0
dataset/train/forearm/29724.png,100.0
dataset/train/forearm/29725.png,100.0
dataset/train/forearm/29726.png,100.0
dataset/train/forearm/29727.png,100.0
dataset/train/forearm/29728.png,100.0
dataset/train/forearm/29729.png,100.0
dataset/train/forearm/29730.png,100.0
dataset/train/forearm/29731.png,100.0
dataset/train/forearm/29732.png,100.0
dataset/train/forearm/29733.png,100.0
dataset/train/forearm/29734.png,100.0
dataset/train/forearm/29735.png,100.0
dataset/train/forearm/29736.png,100.0
dataset/train/forearm/29737.png,100.0
dataset/train/forearm/29738.png,100.0
dataset/train/forearm/29739.png,100.0
dataset/train/forearm/29740.png,100.0
dataset/train/forearm/29741.png,100.0
dataset/train/forearm/29742.png,100.0
dataset/train/forearm/29743.png,100.0
dataset/train/forearm/29744.png,100.0
dataset/train/forearm/29745.png,100.0
dataset/train/forearm/29746.png,100.0
dataset/train/forearm/29747.png,100.0
dataset/train/forearm/29748.png,100.0
dataset/train/forearm/29749.png,100.0
dataset/train/forearm/29750.png,100.0
dataset/train/forearm/29751.png,100.0
dataset/train/forearm/29752.png,100.0
dataset/train/forearm/29753.png,100.0
dataset/train/forearm/29754.png,100.0
dataset/train/forearm/29755.png,100.0
dataset/train/forearm/29756.png,100.0
dataset/train/forearm/29757.png,100.0
dataset/train/forearm/29758.png,100.0
dataset/train/forearm/29759.png,100.0
dataset/train/forearm/29760.png,100.0
dataset/train/forearm/29761.png,100.0
dataset/train/forearm/29762.png,100.0
dataset/train/forearm/29763.png,100.0
dataset/train/forearm/29764.png,100.0
dataset/train/forearm/29765.png,100.0
dataset/train/forearm/29766.png,100.0
dataset/train/forearm/29767.png,100.0
dataset/train/forearm/29768.png,100.0
dataset/train/forearm/29769.png,100.0
dataset/train/forearm/29770.png,100.0
dataset/train/forearm/29771.png,100.0
dataset/train/forearm/29772.png,100.0
dataset/train/forearm/29773.png,100.0
dataset/train/forearm/29774.png,100.0
dataset/train/forearm/29775.png,100.0
dataset/train/forearm/29776.png,100.0
dataset/train/forearm/29777.png,100.0
dataset/train/forearm/29778.png,100.0
dataset/train/forearm/29779.png,100.0
dataset/train/forearm/29780.png,100.0
dataset/train/forearm/29781.png,100.0
dataset/train/forearm/29782.png,100.0
dataset/train/forearm/29783.png,100.0
dataset/train/forearm/29784.png,100.0
dataset/train/forearm/29785.png,100.0
dataset/train/forearm/29786.png,100.0
dataset/train/forearm/29787.png,100.0
dataset/train/forearm/29788.png,100.0
dataset/train/forearm/29789.png,100.0
dataset/train/forearm/29790.png,100.0
dataset/train/forearm/29791.png,100.0
dataset/train/forearm/29792.png,100.0
dataset/train/forearm/29793.png,100.0
dataset/train/forearm/29794.png,100.0
dataset/train/forearm/29795.png,100.0
dataset/train/forearm/29796.png,100.0
dataset/train/forearm/29797.png,100.0
dataset/train/forearm/29798.png,100.0
dataset/train/forearm/29799.png,100.0
dataset/train/forearm/29800.png,100.0
dataset/train/forearm/29801.png,100.0
dataset/train/forearm/29802.png,100.0
dataset/train/forearm/29803.png,100.0
dataset/train/forearm/29804.png,100.0
dataset/train/forearm/29805.png,100.0
dataset/train/forearm/29806.png,100.0
dataset/train/forearm/29807.png,100.0
dataset/train/forearm/29808.png,100.0
dataset/train/forearm/29809.png,100.0
dataset/train/forearm/29810.png,100.0
dataset/train/forearm/29811.png,100.0
dataset/train/forearm/29812.png,100.0
dataset/train/forearm/29813.png,100.0
dataset/train/forearm/29814.png,100.0
dataset/train/forearm/29815.png,100.0
dataset/train/forearm/29816.png,100.0
dataset/train/forearm/29817.png,100.0
dataset/train/forearm/29818.png,100.0
dataset/train/forearm/29819.png,100.0
dataset/train/forearm/29820.png,100.0
dataset/train/forearm/29821.png,100.0
dataset/train/forearm/29822.png,100.0
dataset/train/forearm/29823.png,100.0
dataset/train/forearm/29824.png,100.0
dataset/train/forearm/29825.png,100.0
dataset/train/forearm/29826.png,100.0
dataset/train/forearm/29827.png,100.0
dataset/train/forearm/29828.png,100.0
dataset/train/forearm/29829.png,100.0
dataset/train/forearm/29830.png,100.0
dataset/train/forearm/29831.png,100.0
dataset/train/forearm/29832.png,100.0
dataset/train/forearm/29833.png,100.0
dataset/train/forearm/29834.png,100.0
dataset/train/forearm/29835.png,100.0
dataset/train/forearm/29836.png,100.0
dataset/train/forearm/29837.png,100.0
dataset/train/forearm/29838.png,100.0
dataset/train/forearm/29839.png,100.0
dataset/train/forearm/29840.png,100.0
dataset/train/forearm/29841.png,100.0
dataset/train/forearm/29842.png,100.0
dataset/train/forearm/29843.png,100.0
dataset/train/forearm/29844.png,100.0
dataset/train/forearm/29845.png,100.0
dataset/train/forearm/29846.png,100.0
dataset/train/forearm/29847.png,100.0
dataset/train/forearm/29848.png,100.0
dataset/train/forearm/29849.png,100.0
dataset/train/forearm/29850.png,100.0
dataset/train/forearm/29851.png,100.0
dataset/train/forearm/29852.png,100.0
dataset/train/forearm/29853.png,100.0
dataset/train/forearm/29854.png,100.0
dataset/train/forearm/29855.png,100.0
dataset/train/forearm/29856.png,100.0
dataset/train/forearm/29857.png,100.0
dataset/train/forearm/29858.png,100.0
dataset/train/forearm/29859.png,100.0
dataset/train/forearm/29860.png,100.0
dataset/train/forearm/29861.png,100.0
dataset/train/forearm/29862.png,100.0
dataset/train/forearm/29863.png,100.0
dataset/train/forearm/29864.png,100.0
dataset/train/forearm/29865.png,100.0
dataset/train/forearm/29866.png,100.0
dataset/train/forearm/29867.png,100.0
dataset/train/forearm/29868.png,100.0
dataset/train/forearm/29869.png,100.0
dataset/train/forearm/29870.png,100.0
dataset/train/forearm/29871.png,100.0
dataset/train/forearm/29872.png,100.0
dataset/train/forearm/29873.png,100.0
dataset/train/forearm/29874.png,100.0
dataset/train/forearm/29875.png,100.0
dataset/train/forearm/29876.png,100.0
dataset/train/forearm/29877.png,100.0
dataset/train/forearm/29878.png,100.0
dataset/train/forearm/29879.png,100.0
dataset/train/forearm/29880.png,100.0
dataset/train/forearm/29881.png,100.0
dataset/train/forearm/29882.png,100.0
dataset/train/forearm/29883.png,100.0
dataset/train/forearm/29884.png,100.0
dataset/train/forearm/29885.png,100.0
dataset/train/forearm/29886.png,100.0
dataset/train/forearm/29887.png,100.0
dataset/train/forearm/29888.png,100.0
dataset/train/forearm/29889.png,100.0
dataset/train/forearm/29890.png,100.0
dataset/train/forearm/29891.png,100.0
dataset/train/forearm/29892.png,100.0
dataset/train/forearm/29893.png,100.0
dataset/train/forearm/29894.png,100.0
dataset/train/forearm/29895.png,100.0
dataset/train/forearm/29896.png,100.0
dataset/train/forearm/29897.png,100.0
dataset/train/forearm/29898.png,100.0
dataset/train/forearm/29899.png,100.0
dataset/train/forearm/29900.png,100.0
dataset/train/forearm/29901.png,100.0
dataset/train/forearm/29902.png,100.0
dataset/train/forearm/29903.png,100.0
dataset/train/forearm/29904.png,100.0
dataset/train/forearm/29905.png,100.0
dataset/train/forearm/29906.png,100.0
dataset/train/forearm/29907.png,100.0
dataset/train/forearm/29908.png,100.0
dataset/train/forearm/29909.png,100.0
dataset/train/forearm/29910.png,100.0
dataset/train/forearm/29911.png,100.0
dataset/train/forearm/29912.png,100.0
dataset/train/forearm/29913.png,100.0
dataset/train/forearm/29914.png,100.0
dataset/train/forearm/29915.png,100.0
dataset/train/forearm/29916.png,100.0
dataset/train/forearm/29917.png,100.0
dataset/train/forearm/29918.png,100.0
dataset/train/forearm/29919.png,100.0
dataset/train/forearm/29920.png,100.0
dataset/train/forearm/29921.png,100.0
dataset/train/forearm/29922.png,100.0
dataset/train/forearm/29923.png,100.0
dataset/train/forearm/29924.png,100.0
dataset/train/forearm/29925.png,100.0
dataset/train/forearm/29926.png,100.0
dataset/train/forearm/29927.png,100.0
dataset/train/forearm/29928.png,100.0
dataset/train/forearm/29929.png,100.0
dataset/train/forearm/29930.png,100.0
dataset/train/forearm/29931.png,100.0
dataset/train/forearm/29932.png,0
dataset/train/forearm/29933.png,0
dataset/train/forearm/29934.png,100.0
dataset/train/forearm/29935.png,100.0
dataset/train/forearm/29936.png,100.0
dataset/train/forearm/29937.png,100.0
dataset/train/forearm/29938.png,100.0
dataset/train/forearm/29939.png,100.0
dataset/train/forearm/29940.png,100.0
dataset/train/forearm/29941.png,100.0
dataset/train/forearm/29942.png,100.0
dataset/train/forearm/29943.png,100.0
dataset/train/forearm/29944.png,100.0
dataset/train/forearm/29945.png,100.0
dataset/train/forearm/29946.png,100.0
dataset/train/forearm/29947.png,100.0
dataset/train/forearm/29948.png,100.0
dataset/train/forearm/29949.png,100.0
dataset/train/forearm/29950.png,100.0
dataset/train/forearm/29951.png,100.0
dataset/train/forearm/29952.png,100.0
dataset/train/forearm/29953.png,100.0
dataset/train/forearm/29954.png,100.0
dataset/train/forearm/29955.png,100.0
dataset/train/forearm/29956.png,100.0
dataset/train/forearm/29957.png,100.0
dataset/train/forearm/29958.png,100.0
dataset/train/forearm/29959.png,100.0
dataset/train/forearm/29960.png,100.0
dataset/train/forearm/29961.png,100.0
dataset/train/forearm/29962.png,100.0
dataset/train/forearm/29963.png,100.0
dataset/train/forearm/29964.png,100.0
dataset/train/forearm/29965.png,100.0
dataset/train/forearm/29966.png,100.0
dataset/train/forearm/29967.png,100.0
dataset/train/forearm/29968.png,100.0
dataset/train/forearm/29969.png,100.0
dataset/train/forearm/29970.png,100.0
dataset/train/forearm/29971.png,100.0
dataset/train/forearm/29972.png,100.0
dataset/train/forearm/29973.png,100.0
dataset/train/forearm/29974.png,100.0
dataset/train/forearm/29975.png,100.0
dataset/train/forearm/29976.png,100.0
dataset/train/forearm/29977.png,100.0
dataset/train/forearm/29978.png,100.0
dataset/train/forearm/29979.png,100.0
dataset/train/forearm/29980.png,100.0
dataset/train/forearm/29981.png,100.0
dataset/train/forearm/29982.png,100.0
dataset/train/forearm/29983.png,100.0
dataset/train/forearm/29984.png,100.0
dataset/train/forearm/29985.png,100.0
dataset/train/forearm/29986.png,100.0
dataset/train/forearm/29987.png,100.0
dataset/train/forearm/29988.png,100.0
dataset/train/forearm/29989.png,100.0
dataset/train/forearm/29990.png,100.0
dataset/train/forearm/29991.png,100.0
dataset/train/forearm/29992.png,100.0
dataset/train/forearm/29993.png,100.0
dataset/train/forearm/29994.png,100.0
dataset/train/forearm/29995.png,100.0
dataset/train/forearm/29996.png,100.0
dataset/train/forearm/29997.png,100.0
dataset/train/forearm/29998.png,100.0
dataset/train/forearm/29999.png,100.0
dataset/train/forearm/30000.png,100.0
dataset/train/forearm/30001.png,100.0
dataset/train/forearm/30002.png,100.0
dataset/train/forearm/30003.png,100.0
dataset/train/forearm/30004.png,100.0
dataset/train/forearm/30005.png,100.0
dataset/train/forearm/30006.png,100.0
dataset/train/forearm/30007.png,100.0
dataset/train/forearm/30008.png,100.0
dataset/train/forearm/30009.png,100.0
dataset/train/forearm/30010.png,100.0
dataset/train/forearm/30011.png,100.0
dataset/train/forearm/30012.png,100.0
dataset/train/forearm/30013.png,100.0
dataset/train/forearm/30014.png,100.0
dataset/train/forearm/30015.png,0
dataset/train/forearm/30016.png,0
dataset/train/forearm/30017.png,100.0
dataset/train/forearm/30018.png,100.0
dataset/train/forearm/30019.png,0
dataset/train/forearm/30020.png,0
dataset/train/forearm/30021.png,100.0
dataset/train/forearm/30022.png,100.0
dataset/train/forearm/30023.png,100.0
dataset/train/forearm/30024.png,100.0
dataset/train/forearm/30025.png,100.0
dataset/train/forearm/30026.png,100.0
dataset/train/forearm/30027.png,100.0
dataset/train/forearm/30028.png,100.0
dataset/train/forearm/30029.png,100.0
dataset/train/forearm/30030.png,100.0
dataset/train/forearm/30031.png,100.0
dataset/train/forearm/30032.png,100.0
dataset/train/forearm/30033.png,100.0
dataset/train/forearm/30034.png,100.0
dataset/train/forearm/30035.png,100.0
dataset/train/forearm/30036.png,100.0
dataset/train/forearm/30037.png,100.0
dataset/train/forearm/30038.png,100.0
dataset/train/forearm/30039.png,100.0
dataset/train/forearm/30040.png,100.0
dataset/train/forearm/30041.png,100.0
dataset/train/forearm/30042.png,100.0
dataset/train/forearm/30043.png,100.0
dataset/train/forearm/30044.png,100.0
dataset/train/forearm/30045.png,100.0
dataset/train/forearm/30046.png,100.0
dataset/train/forearm/30047.png,100.0
dataset/train/forearm/30048.png,100.0
dataset/train/forearm/30049.png,100.0
dataset/train/forearm/30050.png,100.0
dataset/train/forearm/30051.png,100.0
dataset/train/forearm/30052.png,100.0
dataset/train/forearm/30053.png,100.0
dataset/train/forearm/30054.png,100.0
dataset/train/forearm/30055.png,100.0
dataset/train/forearm/30056.png,100.0
dataset/train/forearm/30057.png,100.0
dataset/train/forearm/30058.png,100.0
dataset/train/forearm/30059.png,100.0
dataset/train/forearm/30060.png,100.0
dataset/train/forearm/30061.png,100.0
dataset/train/forearm/30062.png,100.0
dataset/train/forearm/30063.png,100.0
dataset/train/forearm/30064.png,100.0
dataset/train/forearm/30065.png,100.0
dataset/train/forearm/30066.png,100.0
dataset/train/forearm/30067.png,100.0
dataset/train/forearm/30068.png,100.0
dataset/train/forearm/30069.png,100.0
dataset/train/forearm/30070.png,100.0
dataset/train/forearm/30071.png,100.0
dataset/train/forearm/30072.png,100.0
dataset/train/forearm/30073.png,100.0
dataset/train/forearm/30074.png,100.0
dataset/train/forearm/30075.png,100.0
dataset/train/forearm/30076.png,100.0
dataset/train/forearm/30077.png,100.0
dataset/train/forearm/30078.png,100.0
dataset/train/forearm/30079.png,100.0
dataset/train/forearm/30080.png,100.0
dataset/train/forearm/30081.png,100.0
dataset/train/forearm/30082.png,100.0
dataset/train/forearm/30083.png,100.0
dataset/train/forearm/30084.png,100.0
dataset/train/forearm/30085.png,100.0
dataset/train/forearm/30086.png,100.0
dataset/train/forearm/30087.png,100.0
dataset/train/forearm/30088.png,100.0
dataset/train/forearm/30089.png,100.0
dataset/train/forearm/30090.png,100.0
dataset/train/forearm/30091.png,100.0
dataset/train/forearm/30092.png,100.0
dataset/train/forearm/30093.png,100.0
dataset/train/forearm/30094.png,100.0
dataset/train/forearm/30095.png,100.0
dataset/train/forearm/30096.png,100.0
dataset/train/forearm/30097.png,100.0
dataset/train/forearm/30098.png,100.0
dataset/train/forearm/30099.png,0
dataset/train/forearm/30100.png,0
dataset/train/forearm/30101.png,100.0
dataset/train/forearm/30102.png,100.0
dataset/train/forearm/30103.png,100.0
dataset/train/forearm/30104.png,100.0
dataset/train/forearm/30105.png,100.0
dataset/train/forearm/30106.png,100.0
dataset/train/forearm/30107.png,100.0
dataset/train/forearm/30108.png,100.0
dataset/train/forearm/30109.png,100.0
dataset/train/forearm/30110.png,100.0
dataset/train/forearm/30111.png,100.0
dataset/train/forearm/30112.png,100.0
dataset/train/forearm/30113.png,100.0
dataset/train/forearm/30114.png,100.0
dataset/train/forearm/30115.png,0
dataset/train/forearm/30116.png,0
dataset/train/forearm/30117.png,0
dataset/train/forearm/30118.png,0
dataset/train/forearm/30119.png,0
dataset/train/forearm/30120.png,0
dataset/train/forearm/30121.png,0
dataset/train/forearm/30122.png,0
dataset/train/forearm/30123.png,0
dataset/train/forearm/30124.png,0
dataset/train/forearm/30125.png,0
dataset/train/forearm/30126.png,0
dataset/train/forearm/30127.png,0
dataset/train/forearm/30128.png,0
dataset/train/forearm/30129.png,0
dataset/train/forearm/30130.png,0
dataset/train/forearm/30131.png,0
dataset/train/forearm/30132.png,0
dataset/train/forearm/30133.png,0
dataset/train/forearm/30134.png,0
dataset/train/forearm/30135.png,0
dataset/train/forearm/30136.png,0
dataset/train/forearm/30137.png,0
dataset/train/forearm/30138.png,0
dataset/train/forearm/30139.png,0
dataset/train/forearm/30140.png,0
dataset/train/forearm/30141.png,0
dataset/train/forearm/30142.png,0
dataset/train/forearm/30143.png,0
dataset/train/forearm/30144.png,0
dataset/train/forearm/30145.png,0
dataset/train/forearm/30146.png,0
dataset/train/forearm/30147.png,0
dataset/train/forearm/30148.png,0
dataset/train/forearm/30149.png,0
dataset/train/forearm/30150.png,0
dataset/train/forearm/30151.png,0
dataset/train/forearm/30152.png,0
dataset/train/forearm/30153.png,0
dataset/train/forearm/30154.png,0
dataset/train/forearm/30155.png,0
dataset/train/forearm/30156.png,0
dataset/train/forearm/30157.png,0
dataset/train/forearm/30158.png,0
dataset/train/forearm/30159.png,0
dataset/train/forearm/30160.png,0
dataset/train/forearm/30161.png,0
dataset/train/forearm/30162.png,0
dataset/train/forearm/30163.png,0
dataset/train/forearm/30164.png,0
dataset/train/forearm/30165.png,0
dataset/train/forearm/30166.png,0
dataset/train/forearm/30167.png,0
dataset/train/forearm/30168.png,0
dataset/train/forearm/30169.png,0
dataset/train/forearm/30170.png,0
dataset/train/forearm/30171.png,0
dataset/train/forearm/30172.png,0
dataset/train/forearm/30173.png,0
dataset/train/forearm/30174.png,0
dataset/train/forearm/30175.png,0
dataset/train/forearm/30176.png,0
dataset/train/forearm/30177.png,0
dataset/train/forearm/30178.png,0
dataset/train/forearm/30179.png,0
dataset/train/forearm/30180.png,0
dataset/train/forearm/30181.png,0
dataset/train/forearm/30182.png,0
dataset/train/forearm/30183.png,0
dataset/train/forearm/30184.png,0
dataset/train/forearm/30185.png,0
dataset/train/forearm/30186.png,0
dataset/train/forearm/30187.png,0
dataset/train/forearm/30188.png,0
dataset/train/forearm/30189.png,0
dataset/train/forearm/30190.png,0
dataset/train/forearm/30191.png,0
dataset/train/forearm/30192.png,0
dataset/train/forearm/30193.png,0
dataset/train/forearm/30194.png,0
dataset/train/forearm/30195.png,0
dataset/train/forearm/30196.png,0
dataset/train/forearm/30197.png,0
dataset/train/forearm/30198.png,0
dataset/train/forearm/30199.png,0
dataset/train/forearm/30200.png,0
dataset/train/forearm/30201.png,0
dataset/train/forearm/30202.png,0
dataset/train/forearm/30203.png,0
dataset/train/forearm/30204.png,0
dataset/train/forearm/30205.png,0
dataset/train/forearm/30206.png,0
dataset/train/forearm/30207.png,0
dataset/train/forearm/30208.png,0
dataset/train/forearm/30209.png,0
dataset/train/forearm/30210.png,0
dataset/train/forearm/30211.png,0
dataset/train/forearm/30212.png,0
dataset/train/forearm/30213.png,0
dataset/train/forearm/30214.png,0
dataset/train/forearm/30215.png,0
dataset/train/forearm/30216.png,0
dataset/train/forearm/30217.png,0
dataset/train/forearm/30218.png,0
dataset/train/forearm/30219.png,0
dataset/train/forearm/30220.png,0
dataset/train/forearm/30221.png,0
dataset/train/forearm/30222.png,0
dataset/train/forearm/30223.png,0
dataset/train/forearm/30224.png,0
dataset/train/forearm/30225.png,0
dataset/train/forearm/30226.png,0
dataset/train/forearm/30227.png,0
dataset/train/forearm/30228.png,0
dataset/train/forearm/30229.png,0
dataset/train/forearm/30230.png,0
dataset/train/forearm/30231.png,0
dataset/train/forearm/30232.png,0
dataset/train/forearm/30233.png,0
dataset/train/forearm/30234.png,0
dataset/train/forearm/30235.png,0
dataset/train/forearm/30236.png,0
dataset/train/forearm/30237.png,0
dataset/train/forearm/30238.png,0
dataset/train/forearm/30239.png,0
dataset/train/forearm/30240.png,0
dataset/train/forearm/30241.png,0
dataset/train/forearm/30242.png,0
dataset/train/forearm/30243.png,0
dataset/train/forearm/30244.png,0
dataset/train/forearm/30245.png,0
dataset/train/forearm/30246.png,0
dataset/train/forearm/30247.png,0
dataset/train/forearm/30248.png,0
dataset/train/forearm/30249.png,0
dataset/train/forearm/30250.png,0
dataset/train/forearm/30251.png,0
dataset/train/forearm/30252.png,0
dataset/train/forearm/30253.png,0
dataset/train/forearm/30254.png,0
dataset/train/forearm/30255.png,0
dataset/train/forearm/30256.png,0
dataset/train/forearm/30257.png,0
dataset/train/forearm/30258.png,0
dataset/train/forearm/30259.png,0
dataset/train/forearm/30260.png,0
dataset/train/forearm/30261.png,0
dataset/train/forearm/30262.png,0
dataset/train/forearm/30263.png,0
dataset/train/forearm/30264.png,0
dataset/train/forearm/30265.png,0
dataset/train/forearm/30266.png,0
dataset/train/forearm/30267.png,0
dataset/train/forearm/30268.png,0
dataset/train/forearm/30269.png,0
dataset/train/forearm/30270.png,0
dataset/train/forearm/30271.png,0
dataset/train/forearm/30272.png,0
dataset/train/forearm/30273.png,0
dataset/train/forearm/30274.png,0
dataset/train/forearm/30275.png,0
dataset/train/forearm/30276.png,0
dataset/train/forearm/30277.png,0
dataset/train/forearm/30278.png,0
dataset/train/forearm/30279.png,0
dataset/train/forearm/30280.png,0
dataset/train/forearm/30281.png,0
dataset/train/forearm/30282.png,0
dataset/train/forearm/30283.png,0
dataset/train/forearm/30284.png,0
dataset/train/forearm/30285.png,0
dataset/train/forearm/30286.png,0
dataset/train/forearm/30287.png,0
dataset/train/forearm/30288.png,0
dataset/train/forearm/30289.png,0
dataset/train/forearm/30290.png,0
dataset/train/forearm/30291.png,0
dataset/train/forearm/30292.png,0
dataset/train/forearm/30293.png,0
dataset/train/forearm/30294.png,0
dataset/train/forearm/30295.png,0
dataset/train/forearm/30296.png,0
dataset/train/forearm/30297.png,0
dataset/train/forearm/30298.png,0
dataset/train/forearm/30299.png,0
dataset/train/forearm/30300.png,0
dataset/train/forearm/30301.png,0
dataset/train/forearm/30302.png,0
dataset/train/forearm/30303.png,0
dataset/train/forearm/30304.png,0
dataset/train/forearm/30305.png,0
dataset/train/forearm/30306.png,0
dataset/train/forearm/30307.png,0
dataset/train/forearm/30308.png,0
dataset/train/forearm/30309.png,0
dataset/train/forearm/30310.png,0
dataset/train/forearm/30311.png,0
dataset/train/forearm/30312.png,0
dataset/train/forearm/30313.png,0
dataset/train/forearm/30314.png,0
dataset/train/forearm/30315.png,0
dataset/train/forearm/30316.png,0
dataset/train/forearm/30317.png,0
dataset/train/forearm/30318.png,0
dataset/train/forearm/30319.png,0
dataset/train/forearm/30320.png,0
dataset/train/forearm/30321.png,0
dataset/train/forearm/30322.png,0
dataset/train/forearm/30323.png,0
dataset/train/forearm/30324.png,0
dataset/train/forearm/30325.png,0
dataset/train/forearm/30326.png,0
dataset/train/forearm/30327.png,0
dataset/train/forearm/30328.png,0
dataset/train/forearm/30329.png,0
dataset/train/forearm/30330.png,0
dataset/train/forearm/30331.png,0
dataset/train/forearm/30332.png,0
dataset/train/forearm/30333.png,0
dataset/train/forearm/30334.png,0
dataset/train/forearm/30335.png,0
dataset/train/forearm/30336.png,0
dataset/train/forearm/30337.png,0
dataset/train/forearm/30338.png,0
dataset/train/forearm/30339.png,0
dataset/train/forearm/30340.png,0
dataset/train/forearm/30341.png,0
dataset/train/forearm/30342.png,0
dataset/train/forearm/30343.png,0
dataset/train/forearm/30344.png,0
dataset/train/forearm/30345.png,0
dataset/train/forearm/30346.png,0
dataset/train/forearm/30347.png,0
dataset/train/forearm/30348.png,0
dataset/train/forearm/30349.png,0
dataset/train/forearm/30350.png,0
dataset/train/forearm/30351.png,0
dataset/train/forearm/30352.png,0
dataset/train/forearm/30353.png,0
dataset/train/forearm/30354.png,0
dataset/train/forearm/30355.png,0
dataset/train/forearm/30356.png,0
dataset/train/forearm/30357.png,0
dataset/train/forearm/30358.png,0
dataset/train/forearm/30359.png,0
dataset/train/forearm/30360.png,0
dataset/train/forearm/30361.png,0
dataset/train/forearm/30362.png,0
dataset/train/forearm/30363.png,0
dataset/train/forearm/30364.png,0
dataset/train/forearm/30365.png,0
dataset/train/forearm/30366.png,0
dataset/train/forearm/30367.png,0
dataset/train/forearm/30368.png,0
dataset/train/forearm/30369.png,0
dataset/train/forearm/30370.png,0
dataset/train/forearm/30371.png,0
dataset/train/forearm/30372.png,0
dataset/train/forearm/30373.png,0
dataset/train/forearm/30374.png,0
dataset/train/forearm/30375.png,0
dataset/train/forearm/30376.png,0
dataset/train/forearm/30377.png,0
dataset/train/forearm/30378.png,0
dataset/train/forearm/30379.png,0
dataset/train/forearm/30380.png,0
dataset/train/forearm/30381.png,0
dataset/train/forearm/30382.png,0
dataset/train/forearm/30383.png,0
dataset/train/forearm/30384.png,0
dataset/train/forearm/30385.png,0
dataset/train/forearm/30386.png,0
dataset/train/forearm/30387.png,0
dataset/train/forearm/30388.png,0
dataset/train/forearm/30389.png,0
dataset/train/forearm/30390.png,0
dataset/train/forearm/30391.png,0
dataset/train/forearm/30392.png,0
dataset/train/forearm/30393.png,0
dataset/train/forearm/30394.png,0
dataset/train/forearm/30395.png,0
dataset/train/forearm/30396.png,0
dataset/train/forearm/30397.png,0
dataset/train/forearm/30398.png,0
dataset/train/forearm/30399.png,0
dataset/train/forearm/30400.png,0
dataset/train/forearm/30401.png,0
dataset/train/forearm/30402.png,0
dataset/train/forearm/30403.png,0
dataset/train/forearm/30404.png,0
dataset/train/forearm/30405.png,0
dataset/train/forearm/30406.png,0
dataset/train/forearm/30407.png,0
dataset/train/forearm/30408.png,0
dataset/train/forearm/30409.png,0
dataset/train/forearm/30410.png,0
dataset/train/forearm/30411.png,0
dataset/train/forearm/30412.png,0
dataset/train/forearm/30413.png,0
dataset/train/forearm/30414.png,0
dataset/train/forearm/30415.png,0
dataset/train/forearm/30416.png,0
dataset/train/forearm/30417.png,0
dataset/train/forearm/30418.png,0
dataset/train/forearm/30419.png,0
dataset/train/forearm/30420.png,0
dataset/train/forearm/30421.png,0
dataset/train/forearm/30422.png,0
dataset/train/forearm/30423.png,0
dataset/train/forearm/30424.png,0
dataset/train/forearm/30425.png,0
dataset/train/forearm/30426.png,0
dataset/train/forearm/30427.png,0
dataset/train/forearm/30428.png,0
dataset/train/forearm/30429.png,0
dataset/train/forearm/30430.png,0
dataset/train/forearm/30431.png,0
dataset/train/forearm/30432.png,0
dataset/train/forearm/30433.png,0
dataset/train/forearm/30434.png,0
dataset/train/forearm/30435.png,0
dataset/train/forearm/30436.png,0
dataset/train/forearm/30437.png,0
dataset/train/forearm/30438.png,0
dataset/train/forearm/30439.png,0
dataset/train/forearm/30440.png,0
dataset/train/forearm/30441.png,0
dataset/train/forearm/30442.png,0
dataset/train/forearm/30443.png,0
dataset/train/forearm/30444.png,0
dataset/train/forearm/30445.png,0
dataset/train/forearm/30446.png,0
dataset/train/forearm/30447.png,0
dataset/train/forearm/30448.png,0
dataset/train/forearm/30449.png,0
dataset/train/forearm/30450.png,0
dataset/train/forearm/30451.png,0
dataset/train/forearm/30452.png,0
dataset/train/forearm/30453.png,0
dataset/train/forearm/30454.png,0
dataset/train/forearm/30455.png,0
dataset/train/forearm/30456.png,0
dataset/train/forearm/30457.png,0
dataset/train/forearm/30458.png,0
dataset/train/forearm/30459.png,0
dataset/train/forearm/30460.png,0
dataset/train/forearm/30461.png,0
dataset/train/forearm/30462.png,0
dataset/train/forearm/30463.png,0
dataset/train/forearm/30464.png,0
dataset/train/forearm/30465.png,0
dataset/train/forearm/30466.png,0
dataset/train/forearm/30467.png,0
dataset/train/forearm/30468.png,0
dataset/train/forearm/30469.png,0
dataset/train/forearm/30470.png,0
dataset/train/forearm/30471.png,0
dataset/train/forearm/30472.png,0
dataset/train/forearm/30473.png,0
dataset/train/forearm/30474.png,0
dataset/train/forearm/30475.png,0
dataset/train/forearm/30476.png,0
dataset/train/forearm/30477.png,0
dataset/train/forearm/30478.png,0
dataset/train/forearm/30479.png,0
dataset/train/forearm/30480.png,0
dataset/train/forearm/30481.png,0
dataset/train/forearm/30482.png,0
dataset/train/forearm/30483.png,0
dataset/train/forearm/30484.png,0
dataset/train/forearm/30485.png,0
dataset/train/forearm/30486.png,0
dataset/train/forearm/30487.png,0
dataset/train/forearm/30488.png,0
dataset/train/forearm/30489.png,0
dataset/train/forearm/30490.png,0
dataset/train/forearm/30491.png,0
dataset/train/forearm/30492.png,0
dataset/train/forearm/30493.png,0
dataset/train/forearm/30494.png,0
dataset/train/forearm/30495.png,0
dataset/train/forearm/30496.png,0
dataset/train/forearm/30497.png,0
dataset/train/forearm/30498.png,0
dataset/train/forearm/30499.png,0
dataset/train/forearm/30500.png,0
dataset/train/forearm/30501.png,0
dataset/train/forearm/30502.png,0
dataset/train/forearm/30503.png,0
dataset/train/forearm/30504.png,0
dataset/train/forearm/30505.png,0
dataset/train/forearm/30506.png,0
dataset/train/forearm/30507.png,0
dataset/train/forearm/30508.png,0
dataset/train/forearm/30509.png,0
dataset/train/forearm/30510.png,0
dataset/train/forearm/30511.png,0
dataset/train/forearm/30512.png,0
dataset/train/forearm/30513.png,0
dataset/train/forearm/30514.png,0
dataset/train/forearm/30515.png,0
dataset/train/forearm/30516.png,0
dataset/train/forearm/30517.png,0
dataset/train/forearm/30518.png,0
dataset/train/forearm/30519.png,0
dataset/train/forearm/30520.png,0
dataset/train/forearm/30521.png,0
dataset/train/forearm/30522.png,0
dataset/train/forearm/30523.png,0
dataset/train/forearm/30524.png,0
dataset/train/forearm/30525.png,0
dataset/train/forearm/30526.png,0
dataset/train/forearm/30527.png,0
dataset/train/forearm/30528.png,0
dataset/train/forearm/30529.png,0
dataset/train/forearm/30530.png,0
dataset/train/forearm/30531.png,0
dataset/train/forearm/30532.png,0
dataset/train/forearm/30533.png,0
dataset/train/forearm/30534.png,0
dataset/train/forearm/30535.png,0
dataset/train/forearm/30536.png,0
dataset/train/forearm/30537.png,0
dataset/train/forearm/30538.png,0
dataset/train/forearm/30539.png,0
dataset/train/forearm/30540.png,0
dataset/train/forearm/30541.png,0
dataset/train/forearm/30542.png,0
dataset/train/forearm/30543.png,0
dataset/train/forearm/30544.png,0
dataset/train/forearm/30545.png,0
dataset/train/forearm/30546.png,0
dataset/train/forearm/30547.png,0
dataset/train/forearm/30548.png,0
dataset/train/forearm/30549.png,0
dataset/train/forearm/30550.png,0
dataset/train/forearm/30551.png,0
dataset/train/forearm/30552.png,0
dataset/train/forearm/30553.png,0
dataset/train/forearm/30554.png,0
dataset/train/forearm/30555.png,0
dataset/train/forearm/30556.png,0
dataset/train/forearm/30557.png,0
dataset/train/forearm/30558.png,0
dataset/train/forearm/30559.png,0
dataset/train/forearm/30560.png,0
dataset/train/forearm/30561.png,0
dataset/train/forearm/30562.png,0
dataset/train/forearm/30563.png,0
dataset/train/forearm/30564.png,0
dataset/train/forearm/30565.png,0
dataset/train/forearm/30566.png,0
dataset/train/forearm/30567.png,0
dataset/train/forearm/30568.png,0
dataset/train/forearm/30569.png,0
dataset/train/forearm/30570.png,0
dataset/train/forearm/30571.png,0
dataset/train/forearm/30572.png,0
dataset/train/forearm/30573.png,0
dataset/train/forearm/30574.png,0
dataset/train/forearm/30575.png,0
dataset/train/forearm/30576.png,0
dataset/train/forearm/30577.png,0
dataset/train/forearm/30578.png,0
dataset/train/forearm/30579.png,0
dataset/train/forearm/30580.png,0
dataset/train/forearm/30581.png,0
dataset/train/forearm/30582.png,0
dataset/train/forearm/30583.png,0
dataset/train/forearm/30584.png,0
dataset/train/forearm/30585.png,0
dataset/train/forearm/30586.png,0
dataset/train/forearm/30587.png,0
dataset/train/forearm/30588.png,0
dataset/train/forearm/30589.png,0
dataset/train/forearm/30590.png,0
dataset/train/forearm/30591.png,0
dataset/train/forearm/30592.png,0
dataset/train/forearm/30593.png,0
dataset/train/forearm/30594.png,0
dataset/train/forearm/30595.png,0
dataset/train/forearm/30596.png,0
dataset/train/forearm/30597.png,0
dataset/train/forearm/30598.png,0
dataset/train/forearm/30599.png,0
dataset/train/forearm/30600.png,0
dataset/train/forearm/30601.png,0
dataset/train/forearm/30602.png,0
dataset/train/forearm/30603.png,0
dataset/train/forearm/30604.png,0
dataset/train/forearm/30605.png,0
dataset/train/forearm/30606.png,0
dataset/train/forearm/30607.png,0
dataset/train/forearm/30608.png,0
dataset/train/forearm/30609.png,0
dataset/train/forearm/30610.png,0
dataset/train/forearm/30611.png,0
dataset/train/forearm/30612.png,0
dataset/train/forearm/30613.png,0
dataset/train/forearm/30614.png,0
dataset/train/forearm/30615.png,0
dataset/train/forearm/30616.png,0
dataset/train/forearm/30617.png,0
dataset/train/forearm/30618.png,0
dataset/train/forearm/30619.png,0
dataset/train/forearm/30620.png,0
dataset/train/forearm/30621.png,0
dataset/train/forearm/30622.png,0
dataset/train/forearm/30623.png,0
dataset/train/forearm/30624.png,0
dataset/train/forearm/30625.png,0
dataset/train/forearm/30626.png,0
dataset/train/forearm/30627.png,0
dataset/train/forearm/30628.png,0
dataset/train/forearm/30629.png,0
dataset/train/forearm/30630.png,0
dataset/train/forearm/30631.png,0
dataset/train/forearm/30632.png,0
dataset/train/forearm/30633.png,0
dataset/train/forearm/30634.png,0
dataset/train/forearm/30635.png,0
dataset/train/forearm/30636.png,0
dataset/train/forearm/30637.png,0
dataset/train/forearm/30638.png,0
dataset/train/forearm/30639.png,0
dataset/train/forearm/30640.png,0
dataset/train/forearm/30641.png,0
dataset/train/forearm/30642.png,0
dataset/train/forearm/30643.png,0
dataset/train/forearm/30644.png,0
dataset/train/forearm/30645.png,0
dataset/train/forearm/30646.png,0
dataset/train/forearm/30647.png,0
dataset/train/forearm/30648.png,0
dataset/train/forearm/30649.png,0
dataset/train/forearm/30650.png,0
dataset/train/forearm/30651.png,0
dataset/train/forearm/30652.png,0
dataset/train/forearm/30653.png,0
dataset/train/forearm/30654.png,0
dataset/train/forearm/30655.png,0
dataset/train/forearm/30656.png,0
dataset/train/forearm/30657.png,0
dataset/train/forearm/30658.png,0
dataset/train/forearm/30659.png,0
dataset/train/forearm/30660.png,0
dataset/train/forearm/30661.png,0
dataset/train/forearm/30662.png,0
dataset/train/forearm/30663.png,0
dataset/train/forearm/30664.png,0
dataset/train/forearm/30665.png,0
dataset/train/forearm/30666.png,0
dataset/train/forearm/30667.png,0
dataset/train/forearm/30668.png,0
dataset/train/forearm/30669.png,0
dataset/train/forearm/30670.png,0
dataset/train/forearm/30671.png,0
dataset/train/forearm/30672.png,0
dataset/train/forearm/30673.png,0
dataset/train/forearm/30674.png,0
dataset/train/forearm/30675.png,0
dataset/train/forearm/30676.png,0
dataset/train/forearm/30677.png,0
dataset/train/forearm/30678.png,0
dataset/train/forearm/30679.png,0
dataset/train/forearm/30680.png,0
dataset/train/forearm/30681.png,0
dataset/train/forearm/30682.png,0
dataset/train/forearm/30683.png,0
dataset/train/forearm/30684.png,0
dataset/train/forearm/30685.png,0
dataset/train/forearm/30686.png,0
dataset/train/forearm/30687.png,0
dataset/train/forearm/30688.png,0
dataset/train/forearm/30689.png,0
dataset/train/forearm/30690.png,0
dataset/train/forearm/30691.png,0
dataset/train/forearm/30692.png,0
dataset/train/forearm/30693.png,0
dataset/train/forearm/30694.png,0
dataset/train/forearm/30695.png,0
dataset/train/forearm/30696.png,0
dataset/train/forearm/30697.png,0
dataset/train/forearm/30698.png,0
dataset/train/forearm/30699.png,0
dataset/train/forearm/30700.png,0
dataset/train/forearm/30701.png,0
dataset/train/forearm/30702.png,0
dataset/train/forearm/30703.png,0
dataset/train/forearm/30704.png,0
dataset/train/forearm/30705.png,0
dataset/train/forearm/30706.png,0
dataset/train/forearm/30707.png,0
dataset/train/forearm/30708.png,0
dataset/train/forearm/30709.png,0
dataset/train/forearm/30710.png,0
dataset/train/forearm/30711.png,0
dataset/train/forearm/30712.png,0
dataset/train/forearm/30713.png,0
dataset/train/forearm/30714.png,0
dataset/train/forearm/30715.png,0
dataset/train/forearm/30716.png,0
dataset/train/forearm/30717.png,0
dataset/train/forearm/30718.png,0
dataset/train/forearm/30719.png,0
dataset/train/forearm/30720.png,0
dataset/train/forearm/30721.png,0
dataset/train/forearm/30722.png,0
dataset/train/forearm/30723.png,0
dataset/train/forearm/30724.png,0
dataset/train/forearm/30725.png,0
dataset/train/forearm/30726.png,0
dataset/train/forearm/30727.png,0
dataset/train/forearm/30728.png,0
dataset/train/forearm/30729.png,0
dataset/train/forearm/30730.png,0
dataset/train/forearm/30731.png,0
dataset/train/forearm/30732.png,0
dataset/train/forearm/30733.png,0
dataset/train/forearm/30734.png,0
dataset/train/forearm/30735.png,0
dataset/train/forearm/30736.png,0
dataset/train/forearm/30737.png,0
dataset/train/forearm/30738.png,0
dataset/train/forearm/30739.png,0
dataset/train/forearm/30740.png,0
dataset/train/forearm/30741.png,0
dataset/train/forearm/30742.png,0
dataset/train/forearm/30743.png,0
dataset/train/forearm/30744.png,0
dataset/train/forearm/30745.png,0
dataset/train/forearm/30746.png,0
dataset/train/forearm/30747.png,0
dataset/train/forearm/30748.png,0
dataset/train/forearm/30749.png,0
dataset/train/forearm/30750.png,0
dataset/train/forearm/30751.png,0
dataset/train/forearm/30752.png,0
dataset/train/forearm/30753.png,0
dataset/train/forearm/30754.png,0
dataset/train/forearm/30755.png,0
dataset/train/forearm/30756.png,0
dataset/train/forearm/30757.png,0
dataset/train/forearm/30758.png,0
dataset/train/forearm/30759.png,0
dataset/train/forearm/30760.png,0
dataset/train/forearm/30761.png,0
dataset/train/forearm/30762.png,0
dataset/train/forearm/30763.png,0
dataset/train/forearm/30764.png,0
dataset/train/forearm/30765.png,0
dataset/train/forearm/30766.png,0
dataset/train/forearm/30767.png,0
dataset/train/forearm/30768.png,0
dataset/train/forearm/30769.png,0
dataset/train/forearm/30770.png,0
dataset/train/forearm/30771.png,0
dataset/train/forearm/30772.png,0
dataset/train/forearm/30773.png,0
dataset/train/forearm/30774.png,0
dataset/train/forearm/30775.png,0
dataset/train/forearm/30776.png,0
dataset/train/forearm/30777.png,0
dataset/train/forearm/30778.png,0
dataset/train/forearm/30779.png,0
dataset/train/forearm/30780.png,0
dataset/train/forearm/30781.png,0
dataset/train/forearm/30782.png,0
dataset/train/forearm/30783.png,0
dataset/train/forearm/30784.png,0
dataset/train/forearm/30785.png,0
dataset/train/forearm/30786.png,0
dataset/train/forearm/30787.png,0
dataset/train/forearm/30788.png,0
dataset/train/forearm/30789.png,0
dataset/train/forearm/30790.png,0
dataset/train/forearm/30791.png,0
dataset/train/forearm/30792.png,0
dataset/train/forearm/30793.png,0
dataset/train/forearm/30794.png,0
dataset/train/forearm/30795.png,0
dataset/train/forearm/30796.png,0
dataset/train/forearm/30797.png,0
dataset/train/forearm/30798.png,0
dataset/train/forearm/30799.png,0
dataset/train/forearm/30800.png,0
dataset/train/forearm/30801.png,0
dataset/train/forearm/30802.png,0
dataset/train/forearm/30803.png,0
dataset/train/forearm/30804.png,0
dataset/train/forearm/30805.png,0
dataset/train/forearm/30806.png,0
dataset/train/forearm/30807.png,0
dataset/train/forearm/30808.png,0
dataset/train/forearm/30809.png,0
dataset/train/forearm/30810.png,0
dataset/train/forearm/30811.png,0
dataset/train/forearm/30812.png,0
dataset/train/forearm/30813.png,0
dataset/train/forearm/30814.png,0
dataset/train/forearm/30815.png,0
dataset/train/forearm/30816.png,0
dataset/train/forearm/30817.png,0
dataset/train/forearm/30818.png,0
dataset/train/forearm/30819.png,0
dataset/train/forearm/30820.png,0
dataset/train/forearm/30821.png,0
dataset/train/forearm/30822.png,0
dataset/train/forearm/30823.png,0
dataset/train/forearm/30824.png,0
dataset/train/forearm/30825.png,0
dataset/train/forearm/30826.png,0
dataset/train/forearm/30827.png,0
dataset/train/forearm/30828.png,0
dataset/train/forearm/30829.png,0
dataset/train/forearm/30830.png,0
dataset/train/forearm/30831.png,0
dataset/train/forearm/30832.png,0
dataset/train/forearm/30833.png,0
dataset/train/forearm/30834.png,0
dataset/train/forearm/30835.png,0
dataset/train/forearm/30836.png,0
dataset/train/forearm/30837.png,0
dataset/train/forearm/30838.png,0
dataset/train/forearm/30839.png,0
dataset/train/forearm/30840.png,0
dataset/train/forearm/30841.png,0
dataset/train/forearm/30842.png,0
dataset/train/forearm/30843.png,0
dataset/train/forearm/30844.png,0
dataset/train/forearm/30845.png,0
dataset/train/forearm/30846.png,0
dataset/train/forearm/30847.png,0
dataset/train/forearm/30848.png,0
dataset/train/forearm/30849.png,0
dataset/train/forearm/30850.png,0
dataset/train/forearm/30851.png,0
dataset/train/forearm/30852.png,0
dataset/train/forearm/30853.png,0
dataset/train/forearm/30854.png,0
dataset/train/forearm/30855.png,0
dataset/train/forearm/30856.png,0
dataset/train/forearm/30857.png,0
dataset/train/forearm/30858.png,0
dataset/train/forearm/30859.png,0
dataset/train/forearm/30860.png,0
dataset/train/forearm/30861.png,0
dataset/train/forearm/30862.png,0
dataset/train/forearm/30863.png,0
dataset/train/forearm/30864.png,0
dataset/train/forearm/30865.png,0
dataset/train/forearm/30866.png,0
dataset/train/forearm/30867.png,0
dataset/train/forearm/30868.png,0
dataset/train/forearm/30869.png,0
dataset/train/forearm/30870.png,0
dataset/train/forearm/30871.png,0
dataset/train/forearm/30872.png,0
dataset/train/forearm/30873.png,0
dataset/train/forearm/30874.png,0
dataset/train/forearm/30875.png,0
dataset/train/forearm/30876.png,0
dataset/train/forearm/30877.png,0
dataset/train/forearm/30878.png,0
dataset/train/forearm/30879.png,0
dataset/train/forearm/30880.png,0
dataset/train/forearm/30881.png,0
dataset/train/forearm/30882.png,0
dataset/train/forearm/30883.png,0
dataset/train/forearm/30884.png,0
dataset/train/forearm/30885.png,0
dataset/train/forearm/30886.png,0
dataset/train/forearm/30887.png,0
dataset/train/forearm/30888.png,0
dataset/train/forearm/30889.png,0
dataset/train/forearm/30890.png,0
dataset/train/forearm/30891.png,0
dataset/train/forearm/30892.png,0
dataset/train/forearm/30893.png,0
dataset/train/forearm/30894.png,0
dataset/train/forearm/30895.png,0
dataset/train/forearm/30896.png,0
dataset/train/forearm/30897.png,0
dataset/train/forearm/30898.png,0
dataset/train/forearm/30899.png,0
dataset/train/forearm/30900.png,0
dataset/train/forearm/30901.png,0
dataset/train/forearm/30902.png,0
dataset/train/forearm/30903.png,0
dataset/train/forearm/30904.png,0
dataset/train/forearm/30905.png,0
dataset/train/forearm/30906.png,0
dataset/train/forearm/30907.png,0
dataset/train/forearm/30908.png,0
dataset/train/forearm/30909.png,0
dataset/train/forearm/30910.png,0
dataset/train/forearm/30911.png,0
dataset/train/forearm/30912.png,0
dataset/train/forearm/30913.png,0
dataset/train/forearm/30914.png,0
dataset/train/forearm/30915.png,0
dataset/train/forearm/30916.png,0
dataset/train/forearm/30917.png,0
dataset/train/forearm/30918.png,0
dataset/train/forearm/30919.png,0
dataset/train/forearm/30920.png,0
dataset/train/forearm/30921.png,0
dataset/train/forearm/30922.png,0
dataset/train/forearm/30923.png,0
dataset/train/forearm/30924.png,0
dataset/train/forearm/30925.png,0
dataset/train/forearm/30926.png,0
dataset/train/forearm/30927.png,0
dataset/train/forearm/30928.png,0
dataset/train/forearm/30929.png,0
dataset/train/forearm/30930.png,0
dataset/train/forearm/30931.png,0
dataset/train/forearm/30932.png,0
dataset/train/forearm/30933.png,0
dataset/train/forearm/30934.png,0
dataset/train/forearm/30935.png,0
dataset/train/forearm/30936.png,0
dataset/train/forearm/30937.png,0
dataset/train/forearm/30938.png,0
dataset/train/forearm/30939.png,0
dataset/train/forearm/30940.png,0
dataset/train/forearm/30941.png,0
dataset/train/forearm/30942.png,0
dataset/train/forearm/30943.png,0
dataset/train/forearm/30944.png,0
dataset/train/forearm/30945.png,0
dataset/train/forearm/30946.png,0
dataset/train/forearm/30947.png,0
dataset/train/forearm/30948.png,0
dataset/train/forearm/30949.png,0
dataset/train/forearm/30950.png,0
dataset/train/forearm/30951.png,0
dataset/train/forearm/30952.png,0
dataset/train/forearm/30953.png,0
dataset/train/forearm/30954.png,0
dataset/train/forearm/30955.png,0
dataset/train/forearm/30956.png,0
dataset/train/forearm/30957.png,0
dataset/train/forearm/30958.png,0
dataset/train/forearm/30959.png,0
dataset/train/forearm/30960.png,0
dataset/train/forearm/30961.png,0
dataset/train/forearm/30962.png,0
dataset/train/forearm/30963.png,0
dataset/train/forearm/30964.png,0
dataset/train/forearm/30965.png,0
dataset/train/forearm/30966.png,0
dataset/train/forearm/30967.png,0
dataset/train/forearm/30968.png,0
dataset/train/forearm/30969.png,0
dataset/train/forearm/30970.png,0
dataset/train/forearm/30971.png,0
dataset/train/forearm/30972.png,0
dataset/train/forearm/30973.png,0
dataset/train/forearm/30974.png,0
dataset/train/forearm/30975.png,0
dataset/train/forearm/30976.png,0
dataset/train/forearm/30977.png,0
dataset/train/forearm/30978.png,0
dataset/train/forearm/30979.png,0
dataset/train/forearm/30980.png,0
dataset/train/forearm/30981.png,0
dataset/train/forearm/30982.png,0
dataset/train/forearm/30983.png,0
dataset/train/forearm/30984.png,0
dataset/train/forearm/30985.png,0
dataset/train/forearm/30986.png,0
dataset/train/forearm/30987.png,0
dataset/train/forearm/30988.png,0
dataset/train/forearm/30989.png,0
dataset/train/forearm/30990.png,0
dataset/train/forearm/30991.png,0
dataset/train/forearm/30992.png,0
dataset/train/forearm/30993.png,0
dataset/train/forearm/30994.png,0
dataset/train/forearm/30995.png,0
dataset/train/forearm/30996.png,0
dataset/train/forearm/30997.png,0
dataset/train/forearm/30998.png,0
dataset/train/forearm/30999.png,0
dataset/train/forearm/31000.png,0
dataset/train/forearm/31001.png,0
dataset/train/forearm/31002.png,0
dataset/train/forearm/31003.png,0
dataset/train/forearm/31004.png,0
dataset/train/forearm/31005.png,0
dataset/train/forearm/31006.png,0
dataset/train/forearm/31007.png,0
dataset/train/forearm/31008.png,0
dataset/train/forearm/31009.png,0
dataset/train/forearm/31010.png,0
dataset/train/forearm/31011.png,0
dataset/train/forearm/31012.png,0
dataset/train/forearm/31013.png,0
dataset/train/forearm/31014.png,0
dataset/train/forearm/31015.png,0
dataset/train/forearm/31016.png,0
dataset/train/forearm/31017.png,0
dataset/train/forearm/31018.png,0
dataset/train/forearm/31019.png,0
dataset/train/forearm/31020.png,0
dataset/train/forearm/31021.png,0
dataset/train/forearm/31022.png,0
dataset/train/forearm/31023.png,0
dataset/train/forearm/31024.png,0
dataset/train/forearm/31025.png,0
dataset/train/forearm/31026.png,0
dataset/train/forearm/31027.png,0
dataset/train/forearm/31028.png,0
dataset/train/forearm/31029.png,0
dataset/train/forearm/31030.png,0
dataset/train/forearm/31031.png,0
dataset/train/forearm/31032.png,0
dataset/train/forearm/31033.png,0
dataset/train/forearm/31034.png,0
dataset/train/forearm/31035.png,0
dataset/train/forearm/31036.png,0
dataset/train/forearm/31037.png,0
dataset/train/forearm/31038.png,0
dataset/train/forearm/31039.png,0
dataset/train/forearm/31040.png,0
dataset/train/forearm/31041.png,0
dataset/train/forearm/31042.png,0
dataset/train/forearm/31043.png,0
dataset/train/forearm/31044.png,0
dataset/train/forearm/31045.png,0
dataset/train/forearm/31046.png,0
dataset/train/forearm/31047.png,0
dataset/train/forearm/31048.png,0
dataset/train/forearm/31049.png,0
dataset/train/forearm/31050.png,0
dataset/train/forearm/31051.png,0
dataset/train/forearm/31052.png,0
dataset/train/forearm/31053.png,0
dataset/train/forearm/31054.png,0
dataset/train/forearm/31055.png,0
dataset/train/forearm/31056.png,0
dataset/train/forearm/31057.png,0
dataset/train/forearm/31058.png,0
dataset/train/forearm/31059.png,0
dataset/train/forearm/31060.png,0
dataset/train/forearm/31061.png,0
dataset/train/forearm/31062.png,0
dataset/train/forearm/31063.png,0
dataset/train/forearm/31064.png,0
dataset/train/forearm/31065.png,0
dataset/train/forearm/31066.png,0
dataset/train/forearm/31067.png,0
dataset/train/forearm/31068.png,0
dataset/train/forearm/31069.png,0
dataset/train/forearm/31070.png,0
dataset/train/forearm/31071.png,0
dataset/train/forearm/31072.png,0
dataset/train/forearm/31073.png,0
dataset/train/forearm/31074.png,0
dataset/train/forearm/31075.png,0
dataset/train/forearm/31076.png,0
dataset/train/forearm/31077.png,0
dataset/train/forearm/31078.png,0
dataset/train/forearm/31079.png,0
dataset/train/forearm/31080.png,0
dataset/train/forearm/31081.png,0
dataset/train/forearm/31082.png,0
dataset/train/forearm/31083.png,0
dataset/train/forearm/31084.png,0
dataset/train/forearm/31085.png,0
dataset/train/forearm/31086.png,0
dataset/train/forearm/31087.png,0
dataset/train/forearm/31088.png,0
dataset/train/forearm/31089.png,0
dataset/train/forearm/31090.png,0
dataset/train/forearm/31091.png,0
dataset/train/forearm/31092.png,0
dataset/train/forearm/31093.png,0
dataset/train/forearm/31094.png,0
dataset/train/forearm/31095.png,0
dataset/train/forearm/31096.png,0
dataset/train/forearm/31097.png,0
dataset/train/forearm/31098.png,0
dataset/train/forearm/31099.png,0
dataset/train/forearm/31100.png,0
dataset/train/forearm/31101.png,0
dataset/train/forearm/31102.png,0
dataset/train/forearm/31103.png,0
dataset/train/forearm/31104.png,0
dataset/train/forearm/31105.png,0
dataset/train/forearm/31106.png,0
dataset/train/forearm/31107.png,0
dataset/train/forearm/31108.png,0
dataset/train/forearm/31109.png,0
dataset/train/forearm/31110.png,0
dataset/train/forearm/31111.png,0
dataset/train/forearm/31112.png,0
dataset/train/forearm/31113.png,0
dataset/train/forearm/31114.png,0
dataset/train/forearm/31115.png,0
dataset/train/forearm/31116.png,0
dataset/train/forearm/31117.png,0
dataset/train/forearm/31118.png,0
dataset/train/forearm/31119.png,0
dataset/train/forearm/31120.png,0
dataset/train/forearm/31121.png,0
dataset/train/forearm/31122.png,0
dataset/train/forearm/31123.png,0
dataset/train/forearm/31124.png,0
dataset/train/forearm/31125.png,0
dataset/train/forearm/31126.png,0
dataset/train/forearm/31127.png,0
dataset/train/forearm/31128.png,0
dataset/train/forearm/31129.png,0
dataset/train/forearm/31130.png,0
dataset/train/forearm/31131.png,0
dataset/train/forearm/31132.png,0
dataset/train/forearm/31133.png,0
dataset/train/forearm/31134.png,0
dataset/train/forearm/31135.png,0
dataset/train/forearm/31136.png,0
dataset/train/forearm/31137.png,0
dataset/train/forearm/31138.png,0
dataset/train/forearm/31139.png,0
dataset/train/forearm/31140.png,0
dataset/train/forearm/31141.png,0
dataset/train/forearm/31142.png,0
dataset/train/forearm/31143.png,0
dataset/train/forearm/31144.png,0
dataset/train/forearm/31145.png,0
dataset/train/forearm/31146.png,0
dataset/train/forearm/31147.png,0
dataset/train/forearm/31148.png,0
dataset/train/forearm/31149.png,0
dataset/train/forearm/31150.png,0
dataset/train/forearm/31151.png,0
dataset/train/forearm/31152.png,0
dataset/train/forearm/31153.png,0
dataset/train/forearm/31154.png,0
dataset/train/forearm/31155.png,0
dataset/train/forearm/31156.png,0
dataset/train/forearm/31157.png,0
dataset/train/forearm/31158.png,0
dataset/train/forearm/31159.png,0
dataset/train/forearm/31160.png,0
dataset/train/forearm/31161.png,0
dataset/train/forearm/31162.png,0
dataset/train/forearm/31163.png,0
dataset/train/forearm/31164.png,0
dataset/train/forearm/31165.png,0
dataset/train/forearm/31166.png,0
dataset/train/forearm/31167.png,0
dataset/train/forearm/31168.png,0
dataset/train/forearm/31169.png,0
dataset/train/forearm/31170.png,0
dataset/train/forearm/31171.png,0
dataset/train/forearm/31172.png,0
dataset/train/forearm/31173.png,0
dataset/train/forearm/31174.png,0
dataset/train/forearm/31175.png,0
dataset/train/forearm/31176.png,0
dataset/train/forearm/31177.png,0
dataset/train/forearm/31178.png,0
dataset/train/forearm/31179.png,0
dataset/train/forearm/31180.png,0
dataset/train/forearm/31181.png,0
dataset/train/forearm/31182.png,0
dataset/train/forearm/31183.png,0
dataset/train/forearm/31184.png,0
dataset/train/forearm/31185.png,0
dataset/train/forearm/31186.png,0
dataset/train/forearm/31187.png,0
dataset/train/forearm/31188.png,0
dataset/train/forearm/31189.png,0
dataset/train/forearm/31190.png,0
dataset/train/forearm/31191.png,0
dataset/train/forearm/31192.png,0
dataset/train/forearm/31193.png,0
dataset/train/forearm/31194.png,0
dataset/train/forearm/31195.png,0
dataset/train/forearm/31196.png,0
dataset/train/forearm/31197.png,0
dataset/train/forearm/31198.png,0
dataset/train/forearm/31199.png,0
dataset/train/forearm/31200.png,0
dataset/train/forearm/31201.png,0
dataset/train/forearm/31202.png,0
dataset/train/forearm/31203.png,0
dataset/train/forearm/31204.png,0
dataset/train/forearm/31205.png,0
dataset/train/forearm/31206.png,0
dataset/train/forearm/31207.png,0
dataset/train/forearm/31208.png,0
dataset/train/forearm/31209.png,0
dataset/train/forearm/31210.png,0
dataset/train/forearm/31211.png,0
dataset/train/forearm/31212.png,0
dataset/train/forearm/31213.png,0
dataset/train/forearm/31214.png,0
dataset/train/forearm/31215.png,0
dataset/train/forearm/31216.png,0
dataset/train/forearm/31217.png,0
dataset/train/forearm/31218.png,0
dataset/train/forearm/31219.png,0
dataset/train/forearm/31220.png,0
dataset/train/forearm/31221.png,0
dataset/train/forearm/31222.png,0
dataset/train/forearm/31223.png,0
dataset/train/forearm/31224.png,0
dataset/train/forearm/31225.png,0
dataset/train/forearm/31226.png,0
dataset/train/forearm/31227.png,0
dataset/train/forearm/31228.png,0
dataset/train/forearm/31229.png,0
dataset/train/forearm/31230.png,0
dataset/train/forearm/31231.png,0
dataset/train/forearm/31232.png,0
dataset/train/forearm/31233.png,0
dataset/train/forearm/31234.png,0
dataset/train/forearm/31235.png,0
dataset/train/forearm/31236.png,0
dataset/train/forearm/31237.png,0
dataset/train/forearm/31238.png,0
dataset/train/forearm/31239.png,0
dataset/train/forearm/31240.png,0
dataset/train/forearm/31241.png,0
dataset/train/forearm/31242.png,0
dataset/train/forearm/31243.png,0
dataset/train/forearm/31244.png,0
dataset/train/forearm/31245.png,0
dataset/train/forearm/31246.png,0
dataset/train/forearm/31247.png,0
dataset/train/forearm/31248.png,0
dataset/train/forearm/31249.png,0
dataset/train/forearm/31250.png,0
dataset/train/forearm/31251.png,0
dataset/train/forearm/31252.png,0
dataset/train/forearm/31253.png,0
dataset/train/forearm/31254.png,0
dataset/train/forearm/31255.png,0
dataset/train/forearm/31256.png,0
dataset/train/forearm/31257.png,0
dataset/train/forearm/31258.png,0
dataset/train/forearm/31259.png,0
dataset/train/forearm/31260.png,0
dataset/train/forearm/31261.png,0
dataset/train/forearm/31262.png,0
dataset/train/forearm/31263.png,0
dataset/train/forearm/31264.png,0
dataset/train/forearm/31265.png,0
dataset/train/forearm/31266.png,0
dataset/train/forearm/31267.png,0
dataset/train/forearm/31268.png,0
