dataset/train/humerus/8379.png,100.0
dataset/train/humerus/8380.png,100.0
dataset/train/humerus/8381.png,100.0
dataset/train/humerus/8382.png,100.0
dataset/train/humerus/8383.png,100.0
dataset/train/humerus/8384.png,100.0
dataset/train/humerus/8385.png,100.0
dataset/train/humerus/8386.png,100.0
dataset/train/humerus/8387.png,100.0
dataset/train/humerus/8388.png,100.0
dataset/train/humerus/8389.png,100.0
dataset/train/humerus/8390.png,100.0
dataset/train/humerus/8391.png,100.0
dataset/train/humerus/8392.png,100.0
dataset/train/humerus/8393.png,100.0
dataset/train/humerus/8394.png,100.0
dataset/train/humerus/8395.png,100.0
dataset/train/humerus/8396.png,100.0
dataset/train/humerus/8397.png,100.0
dataset/train/humerus/8398.png,100.0
dataset/train/humerus/8399.png,100.0
dataset/train/humerus/8400.png,100.0
dataset/train/humerus/8401.png,100.0
dataset/train/humerus/8402.png,100.0
dataset/train/humerus/8403.png,100.0
dataset/train/humerus/8404.png,100.0
dataset/train/humerus/8405.png,100.0
dataset/train/humerus/8406.png,100.0
dataset/train/humerus/8407.png,100.0
dataset/train/humerus/8408.png,100.0
dataset/train/humerus/8409.png,100.0
dataset/train/humerus/8410.png,100.0
dataset/train/humerus/8411.png,100.0
dataset/train/humerus/8412.png,100.0
dataset/train/humerus/8413.png,100.0
dataset/train/humerus/8414.png,100.0
dataset/train/humerus/8415.png,100.0
dataset/train/humerus/8416.png,100.0
dataset/train/humerus/8417.png,100.0
dataset/train/humerus/8418.png,100.0
dataset/train/humerus/8419.png,100.0
dataset/train/humerus/8420.png,100.0
dataset/train/humerus/8421.png,100.0
dataset/train/humerus/8422.png,100.0
dataset/train/humerus/8423.png,100.0
dataset/train/humerus/8424.png,100.0
dataset/train/humerus/8425.png,100.0
dataset/train/humerus/8426.png,100.0
dataset/train/humerus/8427.png,100.0
dataset/train/humerus/8428.png,100.0
dataset/train/humerus/8429.png,100.0
dataset/train/humerus/8430.png,100.0
dataset/train/humerus/8431.png,100.0
dataset/train/humerus/8432.png,100.0
dataset/train/humerus/8433.png,100.0
dataset/train/humerus/8434.png,100.0
dataset/train/humerus/8435.png,100.0
dataset/train/humerus/8436.png,100.0
dataset/train/humerus/8437.png,100.0
dataset/train/humerus/8438.png,100.0
dataset/train/humerus/8439.png,100.0
dataset/train/humerus/8440.png,100.0
dataset/train/humerus/8441.png,100.0
dataset/train/humerus/8442.png,100.0
dataset/train/humerus/8443.png,100.0
dataset/train/humerus/8444.png,100.0
dataset/train/humerus/8445.png,100.0
dataset/train/humerus/8446.png,100.0
dataset/train/humerus/8447.png,100.0
dataset/train/humerus/8448.png,100.0
dataset/train/humerus/8449.png,100.0
dataset/train/humerus/8450.png,100.0
dataset/train/humerus/8451.png,100.0
dataset/train/humerus/8452.png,100.0
dataset/train/humerus/8453.png,100.0
dataset/train/humerus/8454.png,100.0
dataset/train/humerus/8455.png,100.0
dataset/train/humerus/8456.png,100.0
dataset/train/humerus/8457.png,100.0
dataset/train/humerus/8458.png,100.0
dataset/train/humerus/8459.png,100.0
dataset/train/humerus/8460.png,100.0
dataset/train/humerus/8461.png,100.0
dataset/train/humerus/8462.png,100.0
dataset/train/humerus/8463.png,100.0
dataset/train/humerus/8464.png,100.0
dataset/train/humerus/8465.png,100.0
dataset/train/humerus/8466.png,100.0
dataset/train/humerus/8467.png,100.0
dataset/train/humerus/8468.png,100.0
dataset/train/humerus/8469.png,100.0
dataset/train/humerus/8470.png,100.0
dataset/train/humerus/8471.png,100.0
dataset/train/humerus/8472.png,100.0
dataset/train/humerus/8473.png,100.0
dataset/train/humerus/8474.png,100.0
dataset/train/humerus/8475.png,100.0
dataset/train/humerus/8476.png,100.0
dataset/train/humerus/8477.png,100.0
dataset/train/humerus/8478.png,100.0
dataset/train/humerus/8479.png,100.0
dataset/train/humerus/8480.png,100.0
dataset/train/humerus/8481.png,100.0
dataset/train/humerus/8482.png,100.0
dataset/train/humerus/8483.png,100.0
dataset/train/humerus/8484.png,100.0
dataset/train/humerus/8485.png,100.0
dataset/train/humerus/8486.png,100.0
dataset/train/humerus/8487.png,100.0
dataset/train/humerus/8488.png,100.0
dataset/train/humerus/8489.png,100.0
dataset/train/humerus/8490.png,100.0
dataset/train/humerus/8491.png,100.0
dataset/train/humerus/8492.png,100.0
dataset/train/humerus/8493.png,100.0
dataset/train/humerus/8494.png,100.0
dataset/train/humerus/8495.png,100.0
dataset/train/humerus/8496.png,100.0
dataset/train/humerus/8497.png,100.0
dataset/train/humerus/8498.png,100.0
dataset/train/humerus/8499.png,100.0
dataset/train/humerus/8500.png,100.0
dataset/train/humerus/8501.png,100.0
dataset/train/humerus/8502.png,100.0
dataset/train/humerus/8503.png,100.0
dataset/train/humerus/8504.png,100.0
dataset/train/humerus/8505.png,100.0
dataset/train/humerus/8506.png,100.0
dataset/train/humerus/8507.png,100.0
dataset/train/humerus/8508.png,100.0
dataset/train/humerus/8509.png,100.0
dataset/train/humerus/8510.png,100.0
dataset/train/humerus/8511.png,100.0
dataset/train/humerus/8512.png,100.0
dataset/train/humerus/8513.png,100.0
dataset/train/humerus/8514.png,100.0
dataset/train/humerus/8515.png,100.0
dataset/train/humerus/8516.png,100.0
dataset/train/humerus/8517.png,100.0
dataset/train/humerus/8518.png,100.0
dataset/train/humerus/8519.png,100.0
dataset/train/humerus/8520.png,100.0
dataset/train/humerus/8521.png,100.0
dataset/train/humerus/8522.png,100.0
dataset/train/humerus/8523.png,100.0
dataset/train/humerus/8524.png,100.0
dataset/train/humerus/8525.png,100.0
dataset/train/humerus/8526.png,100.0
dataset/train/humerus/8527.png,100.0
dataset/train/humerus/8528.png,100.0
dataset/train/humerus/8529.png,100.0
dataset/train/humerus/8530.png,100.0
dataset/train/humerus/8531.png,100.0
dataset/train/humerus/8532.png,100.0
dataset/train/humerus/8533.png,100.0
dataset/train/humerus/8534.png,100.0
dataset/train/humerus/8535.png,100.0
dataset/train/humerus/8536.png,100.0
dataset/train/humerus/8537.png,100.0
dataset/train/humerus/8538.png,100.0
dataset/train/humerus/8539.png,100.0
dataset/train/humerus/8540.png,100.0
dataset/train/humerus/8541.png,100.0
dataset/train/humerus/8542.png,100.0
dataset/train/humerus/8543.png,100.0
dataset/train/humerus/8544.png,100.0
dataset/train/humerus/8545.png,100.0
dataset/train/humerus/8546.png,100.0
dataset/train/humerus/8547.png,100.0
dataset/train/humerus/8548.png,100.0
dataset/train/humerus/8549.png,100.0
dataset/train/humerus/8550.png,100.0
dataset/train/humerus/8551.png,100.0
dataset/train/humerus/8552.png,100.0
dataset/train/humerus/8553.png,100.0
dataset/train/humerus/8554.png,100.0
dataset/train/humerus/8555.png,100.0
dataset/train/humerus/8556.png,100.0
dataset/train/humerus/8557.png,100.0
dataset/train/humerus/8558.png,100.0
dataset/train/humerus/8559.png,100.0
dataset/train/humerus/8560.png,100.0
dataset/train/humerus/8561.png,100.0
dataset/train/humerus/8562.png,100.0
dataset/train/humerus/8563.png,100.0
dataset/train/humerus/8564.png,100.0
dataset/train/humerus/8565.png,100.0
dataset/train/humerus/8566.png,100.0
dataset/train/humerus/8567.png,100.0
dataset/train/humerus/8568.png,100.0
dataset/train/humerus/8569.png,100.0
dataset/train/humerus/8570.png,100.0
dataset/train/humerus/8571.png,100.0
dataset/train/humerus/8572.png,100.0
dataset/train/humerus/8573.png,100.0
dataset/train/humerus/8574.png,100.0
dataset/train/humerus/8575.png,100.0
dataset/train/humerus/8576.png,100.0
dataset/train/humerus/8577.png,100.0
dataset/train/humerus/8578.png,100.0
dataset/train/humerus/8579.png,100.0
dataset/train/humerus/8580.png,0
dataset/train/humerus/8581.png,0
dataset/train/humerus/8582.png,100.0
dataset/train/humerus/8583.png,100.0
dataset/train/humerus/8584.png,100.0
dataset/train/humerus/8585.png,100.0
dataset/train/humerus/8586.png,100.0
dataset/train/humerus/8587.png,100.0
dataset/train/humerus/8588.png,100.0
dataset/train/humerus/8589.png,100.0
dataset/train/humerus/8590.png,100.0
dataset/train/humerus/8591.png,100.0
dataset/train/humerus/8592.png,100.0
dataset/train/humerus/8593.png,100.0
dataset/train/humerus/8594.png,100.0
dataset/train/humerus/8595.png,100.0
dataset/train/humerus/8596.png,100.0
dataset/train/humerus/8597.png,100.0
dataset/train/humerus/8598.png,100.0
dataset/train/humerus/8599.png,100.0
dataset/train/humerus/8600.png,100.0
dataset/train/humerus/8601.png,100.0
dataset/train/humerus/8602.png,100.0
dataset/train/humerus/8603.png,100.0
dataset/train/humerus/8604.png,100.0
dataset/train/humerus/8605.png,100.0
dataset/train/humerus/8606.png,100.0
dataset/train/humerus/8607.png,100.0
dataset/train/humerus/8608.png,100.0
dataset/train/humerus/8609.png,100.0
dataset/train/humerus/8610.png,100.0
dataset/train/humerus/8611.png,100.0
dataset/train/humerus/8612.png,100.0
dataset/train/humerus/8613.png,100.0
dataset/train/humerus/8614.png,100.0
dataset/train/humerus/8615.png,100.0
dataset/train/humerus/8616.png,100.0
dataset/train/humerus/8617.png,100.0
dataset/train/humerus/8618.png,100.0
dataset/train/humerus/8619.png,100.0
dataset/train/humerus/8620.png,100.0
dataset/train/humerus/8621.png,100.0
dataset/train/humerus/8622.png,100.0
dataset/train/humerus/8623.png,100.0
dataset/train/humerus/8624.png,100.0
dataset/train/humerus/8625.png,100.0
dataset/train/humerus/8626.png,100.0
dataset/train/humerus/8627.png,100.0
dataset/train/humerus/8628.png,100.0
dataset/train/humerus/8629.png,100.0
dataset/train/humerus/8630.png,100.0
dataset/train/humerus/8631.png,100.0
dataset/train/humerus/8632.png,100.0
dataset/train/humerus/8633.png,100.0
dataset/train/humerus/8634.png,100.0
dataset/train/humerus/8635.png,100.0
dataset/train/humerus/8636.png,100.0
dataset/train/humerus/8637.png,100.0
dataset/train/humerus/8638.png,100.0
dataset/train/humerus/8639.png,100.0
dataset/train/humerus/8640.png,100.0
dataset/train/humerus/8641.png,100.0
dataset/train/humerus/8642.png,100.0
dataset/train/humerus/8643.png,100.0
dataset/train/humerus/8644.png,100.0
dataset/train/humerus/8645.png,100.0
dataset/train/humerus/8646.png,100.0
dataset/train/humerus/8647.png,100.0
dataset/train/humerus/8648.png,100.0
dataset/train/humerus/8649.png,100.0
dataset/train/humerus/8650.png,100.0
dataset/train/humerus/8651.png,100.0
dataset/train/humerus/8652.png,100.0
dataset/train/humerus/8653.png,100.0
dataset/train/humerus/8654.png,100.0
dataset/train/humerus/8655.png,100.0
dataset/train/humerus/8656.png,100.0
dataset/train/humerus/8657.png,100.0
dataset/train/humerus/8658.png,100.0
dataset/train/humerus/8659.png,100.0
dataset/train/humerus/8660.png,100.0
dataset/train/humerus/8661.png,100.0
dataset/train/humerus/8662.png,100.0
dataset/train/humerus/8663.png,100.0
dataset/train/humerus/8664.png,100.0
dataset/train/humerus/8665.png,100.0
dataset/train/humerus/8666.png,100.0
dataset/train/humerus/8667.png,100.0
dataset/train/humerus/8668.png,100.0
dataset/train/humerus/8669.png,100.0
dataset/train/humerus/8670.png,100.0
dataset/train/humerus/8671.png,100.0
dataset/train/humerus/8672.png,100.0
dataset/train/humerus/8673.png,100.0
dataset/train/humerus/8674.png,100.0
dataset/train/humerus/8675.png,100.0
dataset/train/humerus/8676.png,100.0
dataset/train/humerus/8677.png,100.0
dataset/train/humerus/8678.png,100.0
dataset/train/humerus/8679.png,100.0
dataset/train/humerus/8680.png,100.0
dataset/train/humerus/8681.png,100.0
dataset/train/humerus/8682.png,100.0
dataset/train/humerus/8683.png,100.0
dataset/train/humerus/8684.png,100.0
dataset/train/humerus/8685.png,100.0
dataset/train/humerus/8686.png,100.0
dataset/train/humerus/8687.png,100.0
dataset/train/humerus/8688.png,100.0
dataset/train/humerus/8689.png,100.0
dataset/train/humerus/8690.png,100.0
dataset/train/humerus/8691.png,100.0
dataset/train/humerus/8692.png,100.0
dataset/train/humerus/8693.png,100.0
dataset/train/humerus/8694.png,100.0
dataset/train/humerus/8695.png,100.0
dataset/train/humerus/8696.png,100.0
dataset/train/humerus/8697.png,100.0
dataset/train/humerus/8698.png,100.0
dataset/train/humerus/8699.png,100.0
dataset/train/humerus/8700.png,100.0
dataset/train/humerus/8701.png,100.0
dataset/train/humerus/8702.png,100.0
dataset/train/humerus/8703.png,100.0
dataset/train/humerus/8704.png,100.0
dataset/train/humerus/8705.png,100.0
dataset/train/humerus/8706.png,100.0
dataset/train/humerus/8707.png,100.0
dataset/train/humerus/8708.png,100.0
dataset/train/humerus/8709.png,100.0
dataset/train/humerus/8710.png,100.0
dataset/train/humerus/8711.png,100.0
dataset/train/humerus/8712.png,100.0
dataset/train/humerus/8713.png,100.0
dataset/train/humerus/8714.png,100.0
dataset/train/humerus/8715.png,100.0
dataset/train/humerus/8716.png,100.0
dataset/train/humerus/8717.png,100.0
dataset/train/humerus/8718.png,100.0
dataset/train/humerus/8719.png,100.0
dataset/train/humerus/8720.png,100.0
dataset/train/humerus/8721.png,100.0
dataset/train/humerus/8722.png,100.0
dataset/train/humerus/8723.png,100.0
dataset/train/humerus/8724.png,100.0
dataset/train/humerus/8725.png,100.0
dataset/train/humerus/8726.png,100.0
dataset/train/humerus/8727.png,100.0
dataset/train/humerus/8728.png,100.0
dataset/train/humerus/8729.png,100.0
dataset/train/humerus/8730.png,100.0
dataset/train/humerus/8731.png,100.0
dataset/train/humerus/8732.png,100.0
dataset/train/humerus/8733.png,100.0
dataset/train/humerus/8734.png,100.0
dataset/train/humerus/8735.png,100.0
dataset/train/humerus/8736.png,100.0
dataset/train/humerus/8737.png,100.0
dataset/train/humerus/8738.png,100.0
dataset/train/humerus/8739.png,100.0
dataset/train/humerus/8740.png,100.0
dataset/train/humerus/8741.png,100.0
dataset/train/humerus/8742.png,100.0
dataset/train/humerus/8743.png,100.0
dataset/train/humerus/8744.png,100.0
dataset/train/humerus/8745.png,100.0
dataset/train/humerus/8746.png,100.0
dataset/train/humerus/8747.png,100.0
dataset/train/humerus/8748.png,100.0
dataset/train/humerus/8749.png,100.0
dataset/train/humerus/8750.png,100.0
dataset/train/humerus/8751.png,100.0
dataset/train/humerus/8752.png,100.0
dataset/train/humerus/8753.png,100.0
dataset/train/humerus/8754.png,100.0
dataset/train/humerus/8755.png,100.0
dataset/train/humerus/8756.png,100.0
dataset/train/humerus/8757.png,100.0
dataset/train/humerus/8758.png,100.0
dataset/train/humerus/8759.png,100.0
dataset/train/humerus/8760.png,100.0
dataset/train/humerus/8761.png,100.0
dataset/train/humerus/8762.png,100.0
dataset/train/humerus/8763.png,100.0
dataset/train/humerus/8764.png,100.0
dataset/train/humerus/8765.png,100.0
dataset/train/humerus/8766.png,100.0
dataset/train/humerus/8767.png,100.0
dataset/train/humerus/8768.png,100.0
dataset/train/humerus/8769.png,100.0
dataset/train/humerus/8770.png,100.0
dataset/train/humerus/8771.png,100.0
dataset/train/humerus/8772.png,100.0
dataset/train/humerus/8773.png,100.0
dataset/train/humerus/8774.png,100.0
dataset/train/humerus/8775.png,100.0
dataset/train/humerus/8776.png,100.0
dataset/train/humerus/8777.png,100.0
dataset/train/humerus/8778.png,100.0
dataset/train/humerus/8779.png,100.0
dataset/train/humerus/8780.png,100.0
dataset/train/humerus/8781.png,100.0
dataset/train/humerus/8782.png,100.0
dataset/train/humerus/8783.png,100.0
dataset/train/humerus/8784.png,100.0
dataset/train/humerus/8785.png,100.0
dataset/train/humerus/8786.png,100.0
dataset/train/humerus/8787.png,100.0
dataset/train/humerus/8788.png,100.0
dataset/train/humerus/8789.png,100.0
dataset/train/humerus/8790.png,100.0
dataset/train/humerus/8791.png,100.0
dataset/train/humerus/8792.png,100.0
dataset/train/humerus/8793.png,100.0
dataset/train/humerus/8794.png,100.0
dataset/train/humerus/8795.png,100.0
dataset/train/humerus/8796.png,100.0
dataset/train/humerus/8797.png,100.0
dataset/train/humerus/8798.png,100.0
dataset/train/humerus/8799.png,100.0
dataset/train/humerus/8800.png,100.0
dataset/train/humerus/8801.png,100.0
dataset/train/humerus/8802.png,100.0
dataset/train/humerus/8803.png,100.0
dataset/train/humerus/8804.png,100.0
dataset/train/humerus/8805.png,100.0
dataset/train/humerus/8806.png,100.0
dataset/train/humerus/8807.png,100.0
dataset/train/humerus/8808.png,100.0
dataset/train/humerus/8809.png,100.0
dataset/train/humerus/8810.png,100.0
dataset/train/humerus/8811.png,100.0
dataset/train/humerus/8812.png,100.0
dataset/train/humerus/8813.png,100.0
dataset/train/humerus/8814.png,100.0
dataset/train/humerus/8815.png,100.0
dataset/train/humerus/8816.png,100.0
dataset/train/humerus/8817.png,100.0
dataset/train/humerus/8818.png,100.0
dataset/train/humerus/8819.png,100.0
dataset/train/humerus/8820.png,100.0
dataset/train/humerus/8821.png,100.0
dataset/train/humerus/8822.png,100.0
dataset/train/humerus/8823.png,100.0
dataset/train/humerus/8824.png,100.0
dataset/train/humerus/8825.png,100.0
dataset/train/humerus/8826.png,100.0
dataset/train/humerus/8827.png,100.0
dataset/train/humerus/8828.png,100.0
dataset/train/humerus/8829.png,100.0
dataset/train/humerus/8830.png,100.0
dataset/train/humerus/8831.png,100.0
dataset/train/humerus/8832.png,100.0
dataset/train/humerus/8833.png,100.0
dataset/train/humerus/8834.png,100.0
dataset/train/humerus/8835.png,100.0
dataset/train/humerus/8836.png,100.0
dataset/train/humerus/8837.png,100.0
dataset/train/humerus/8838.png,100.0
dataset/train/humerus/8839.png,100.0
dataset/train/humerus/8840.png,100.0
dataset/train/humerus/8841.png,100.0
dataset/train/humerus/8842.png,100.0
dataset/train/humerus/8843.png,100.0
dataset/train/humerus/8844.png,100.0
dataset/train/humerus/8845.png,100.0
dataset/train/humerus/8846.png,100.0
dataset/train/humerus/8847.png,100.0
dataset/train/humerus/8848.png,100.0
dataset/train/humerus/8849.png,100.0
dataset/train/humerus/8850.png,100.0
dataset/train/humerus/8851.png,100.0
dataset/train/humerus/8852.png,100.0
dataset/train/humerus/8853.png,100.0
dataset/train/humerus/8854.png,100.0
dataset/train/humerus/8855.png,100.0
dataset/train/humerus/8856.png,100.0
dataset/train/humerus/8857.png,100.0
dataset/train/humerus/8858.png,100.0
dataset/train/humerus/8859.png,100.0
dataset/train/humerus/8860.png,100.0
dataset/train/humerus/8861.png,100.0
dataset/train/humerus/8862.png,100.0
dataset/train/humerus/8863.png,100.0
dataset/train/humerus/8864.png,100.0
dataset/train/humerus/8865.png,100.0
dataset/train/humerus/8866.png,100.0
dataset/train/humerus/8867.png,100.0
dataset/train/humerus/8868.png,100.0
dataset/train/humerus/8869.png,100.0
dataset/train/humerus/8870.png,100.0
dataset/train/humerus/8871.png,100.0
dataset/train/humerus/8872.png,100.0
dataset/train/humerus/8873.png,100.0
dataset/train/humerus/8874.png,100.0
dataset/train/humerus/8875.png,100.0
dataset/train/humerus/8876.png,100.0
dataset/train/humerus/8877.png,100.0
dataset/train/humerus/8878.png,100.0
dataset/train/humerus/8879.png,100.0
dataset/train/humerus/8880.png,100.0
dataset/train/humerus/8881.png,100.0
dataset/train/humerus/8882.png,100.0
dataset/train/humerus/8883.png,100.0
dataset/train/humerus/8884.png,100.0
dataset/train/humerus/8885.png,100.0
dataset/train/humerus/8886.png,100.0
dataset/train/humerus/8887.png,100.0
dataset/train/humerus/8888.png,100.0
dataset/train/humerus/8889.png,100.0
dataset/train/humerus/8890.png,100.0
dataset/train/humerus/8891.png,100.0
dataset/train/humerus/8892.png,100.0
dataset/train/humerus/8893.png,100.0
dataset/train/humerus/8894.png,100.0
dataset/train/humerus/8895.png,100.0
dataset/train/humerus/8896.png,100.0
dataset/train/humerus/8897.png,100.0
dataset/train/humerus/8898.png,100.0
dataset/train/humerus/8899.png,100.0
dataset/train/humerus/8900.png,100.0
dataset/train/humerus/8901.png,100.0
dataset/train/humerus/8902.png,100.0
dataset/train/humerus/8903.png,100.0
dataset/train/humerus/8904.png,100.0
dataset/train/humerus/8905.png,100.0
dataset/train/humerus/8906.png,100.0
dataset/train/humerus/8907.png,100.0
dataset/train/humerus/8908.png,100.0
dataset/train/humerus/8909.png,100.0
dataset/train/humerus/8910.png,100.0
dataset/train/humerus/8911.png,100.0
dataset/train/humerus/8912.png,100.0
dataset/train/humerus/8913.png,100.0
dataset/train/humerus/8914.png,100.0
dataset/train/humerus/8915.png,100.0
dataset/train/humerus/8916.png,100.0
dataset/train/humerus/8917.png,100.0
dataset/train/humerus/8918.png,100.0
dataset/train/humerus/8919.png,100.0
dataset/train/humerus/8920.png,100.0
dataset/train/humerus/8921.png,100.0
dataset/train/humerus/8922.png,100.0
dataset/train/humerus/8923.png,100.0
dataset/train/humerus/8924.png,100.0
dataset/train/humerus/8925.png,0
dataset/train/humerus/8926.png,0
dataset/train/humerus/8927.png,0
dataset/train/humerus/8928.png,100.0
dataset/train/humerus/8929.png,100.0
dataset/train/humerus/8930.png,100.0
dataset/train/humerus/8931.png,100.0
dataset/train/humerus/8932.png,100.0
dataset/train/humerus/8933.png,100.0
dataset/train/humerus/8934.png,100.0
dataset/train/humerus/8935.png,100.0
dataset/train/humerus/8936.png,100.0
dataset/train/humerus/8937.png,100.0
dataset/train/humerus/8938.png,100.0
dataset/train/humerus/8939.png,100.0
dataset/train/humerus/8940.png,100.0
dataset/train/humerus/8941.png,100.0
dataset/train/humerus/8942.png,100.0
dataset/train/humerus/8943.png,100.0
dataset/train/humerus/8944.png,100.0
dataset/train/humerus/8945.png,100.0
dataset/train/humerus/8946.png,100.0
dataset/train/humerus/8947.png,100.0
dataset/train/humerus/8948.png,100.0
dataset/train/humerus/8949.png,100.0
dataset/train/humerus/8950.png,100.0
dataset/train/humerus/8951.png,100.0
dataset/train/humerus/8952.png,100.0
dataset/train/humerus/8953.png,100.0
dataset/train/humerus/8954.png,100.0
dataset/train/humerus/8955.png,100.0
dataset/train/humerus/8956.png,100.0
dataset/train/humerus/8957.png,100.0
dataset/train/humerus/8958.png,100.0
dataset/train/humerus/8959.png,100.0
dataset/train/humerus/8960.png,100.0
dataset/train/humerus/8961.png,100.0
dataset/train/humerus/8962.png,100.0
dataset/train/humerus/8963.png,100.0
dataset/train/humerus/8964.png,100.0
dataset/train/humerus/8965.png,100.0
dataset/train/humerus/8966.png,100.0
dataset/train/humerus/8967.png,100.0
dataset/train/humerus/8968.png,100.0
dataset/train/humerus/8969.png,100.0
dataset/train/humerus/8970.png,100.0
dataset/train/humerus/8971.png,100.0
dataset/train/humerus/8972.png,100.0
dataset/train/humerus/8973.png,100.0
dataset/train/humerus/8974.png,100.0
dataset/train/humerus/8975.png,100.0
dataset/train/humerus/8976.png,100.0
dataset/train/humerus/8977.png,100.0
dataset/train/humerus/8978.png,100.0
dataset/train/humerus/8979.png,100.0
dataset/train/humerus/8980.png,100.0
dataset/train/humerus/8981.png,100.0
dataset/train/humerus/8982.png,100.0
dataset/train/humerus/8983.png,0
dataset/train/humerus/8984.png,0
dataset/train/humerus/8985.png,0
dataset/train/humerus/8986.png,0
dataset/train/humerus/8987.png,0
dataset/train/humerus/8988.png,0
dataset/train/humerus/8989.png,0
dataset/train/humerus/8990.png,0
dataset/train/humerus/8991.png,0
dataset/train/humerus/8992.png,0
dataset/train/humerus/8993.png,0
dataset/train/humerus/8994.png,0
dataset/train/humerus/8995.png,0
dataset/train/humerus/8996.png,0
dataset/train/humerus/8997.png,0
dataset/train/humerus/8998.png,0
dataset/train/humerus/8999.png,0
dataset/train/humerus/9000.png,0
dataset/train/humerus/9001.png,0
dataset/train/humerus/9002.png,0
dataset/train/humerus/9003.png,0
dataset/train/humerus/9004.png,0
dataset/train/humerus/9005.png,0
dataset/train/humerus/9006.png,0
dataset/train/humerus/9007.png,0
dataset/train/humerus/9008.png,0
dataset/train/humerus/9009.png,0
dataset/train/humerus/9010.png,0
dataset/train/humerus/9011.png,0
dataset/train/humerus/9012.png,0
dataset/train/humerus/9013.png,0
dataset/train/humerus/9014.png,0
dataset/train/humerus/9015.png,0
dataset/train/humerus/9016.png,0
dataset/train/humerus/9017.png,0
dataset/train/humerus/9018.png,0
dataset/train/humerus/9019.png,0
dataset/train/humerus/9020.png,0
dataset/train/humerus/9021.png,0
dataset/train/humerus/9022.png,0
dataset/train/humerus/9023.png,0
dataset/train/humerus/9024.png,0
dataset/train/humerus/9025.png,0
dataset/train/humerus/9026.png,0
dataset/train/humerus/9027.png,0
dataset/train/humerus/9028.png,0
dataset/train/humerus/9029.png,0
dataset/train/humerus/9030.png,0
dataset/train/humerus/9031.png,0
dataset/train/humerus/9032.png,0
dataset/train/humerus/9033.png,0
dataset/train/humerus/9034.png,0
dataset/train/humerus/9035.png,0
dataset/train/humerus/9036.png,0
dataset/train/humerus/9037.png,0
dataset/train/humerus/9038.png,0
dataset/train/humerus/9039.png,0
dataset/train/humerus/9040.png,0
dataset/train/humerus/9041.png,0
dataset/train/humerus/9042.png,0
dataset/train/humerus/9043.png,0
dataset/train/humerus/9044.png,0
dataset/train/humerus/9045.png,0
dataset/train/humerus/9046.png,0
dataset/train/humerus/9047.png,0
dataset/train/humerus/9048.png,0
dataset/train/humerus/9049.png,0
dataset/train/humerus/9050.png,0
dataset/train/humerus/9051.png,0
dataset/train/humerus/9052.png,0
dataset/train/humerus/9053.png,0
dataset/train/humerus/9054.png,0
dataset/train/humerus/9055.png,0
dataset/train/humerus/9056.png,0
dataset/train/humerus/9057.png,0
dataset/train/humerus/9058.png,0
dataset/train/humerus/9059.png,0
dataset/train/humerus/9060.png,0
dataset/train/humerus/9061.png,0
dataset/train/humerus/9062.png,0
dataset/train/humerus/9063.png,0
dataset/train/humerus/9064.png,0
dataset/train/humerus/9065.png,0
dataset/train/humerus/9066.png,0
dataset/train/humerus/9067.png,0
dataset/train/humerus/9068.png,0
dataset/train/humerus/9069.png,0
dataset/train/humerus/9070.png,0
dataset/train/humerus/9071.png,0
dataset/train/humerus/9072.png,0
dataset/train/humerus/9073.png,0
dataset/train/humerus/9074.png,0
dataset/train/humerus/9075.png,0
dataset/train/humerus/9076.png,0
dataset/train/humerus/9077.png,0
dataset/train/humerus/9078.png,0
dataset/train/humerus/9079.png,0
dataset/train/humerus/9080.png,0
dataset/train/humerus/9081.png,0
dataset/train/humerus/9082.png,0
dataset/train/humerus/9083.png,0
dataset/train/humerus/9084.png,0
dataset/train/humerus/9085.png,0
dataset/train/humerus/9086.png,0
dataset/train/humerus/9087.png,0
dataset/train/humerus/9088.png,0
dataset/train/humerus/9089.png,0
dataset/train/humerus/9090.png,0
dataset/train/humerus/9091.png,0
dataset/train/humerus/9092.png,0
dataset/train/humerus/9093.png,0
dataset/train/humerus/9094.png,0
dataset/train/humerus/9095.png,0
dataset/train/humerus/9096.png,0
dataset/train/humerus/9097.png,0
dataset/train/humerus/9098.png,0
dataset/train/humerus/9099.png,0
dataset/train/humerus/9100.png,0
dataset/train/humerus/9101.png,0
dataset/train/humerus/9102.png,0
dataset/train/humerus/9103.png,0
dataset/train/humerus/9104.png,0
dataset/train/humerus/9105.png,0
dataset/train/humerus/9106.png,0
dataset/train/humerus/9107.png,0
dataset/train/humerus/9108.png,0
dataset/train/humerus/9109.png,0
dataset/train/humerus/9110.png,0
dataset/train/humerus/9111.png,0
dataset/train/humerus/9112.png,0
dataset/train/humerus/9113.png,0
dataset/train/humerus/9114.png,0
dataset/train/humerus/9115.png,0
dataset/train/humerus/9116.png,0
dataset/train/humerus/9117.png,0
dataset/train/humerus/9118.png,0
dataset/train/humerus/9119.png,0
dataset/train/humerus/9120.png,0
dataset/train/humerus/9121.png,0
dataset/train/humerus/9122.png,0
dataset/train/humerus/9123.png,0
dataset/train/humerus/9124.png,0
dataset/train/humerus/9125.png,0
dataset/train/humerus/9126.png,0
dataset/train/humerus/9127.png,0
dataset/train/humerus/9128.png,0
dataset/train/humerus/9129.png,0
dataset/train/humerus/9130.png,0
dataset/train/humerus/9131.png,0
dataset/train/humerus/9132.png,0
dataset/train/humerus/9133.png,0
dataset/train/humerus/9134.png,0
dataset/train/humerus/9135.png,0
dataset/train/humerus/9136.png,0
dataset/train/humerus/9137.png,0
dataset/train/humerus/9138.png,0
dataset/train/humerus/9139.png,0
dataset/train/humerus/9140.png,0
dataset/train/humerus/9141.png,0
dataset/train/humerus/9142.png,0
dataset/train/humerus/9143.png,0
dataset/train/humerus/9144.png,0
dataset/train/humerus/9145.png,0
dataset/train/humerus/9146.png,0
dataset/train/humerus/9147.png,0
dataset/train/humerus/9148.png,0
dataset/train/humerus/9149.png,0
dataset/train/humerus/9150.png,0
dataset/train/humerus/9151.png,0
dataset/train/humerus/9152.png,0
dataset/train/humerus/9153.png,0
dataset/train/humerus/9154.png,0
dataset/train/humerus/9155.png,0
dataset/train/humerus/9156.png,0
dataset/train/humerus/9157.png,0
dataset/train/humerus/9158.png,0
dataset/train/humerus/9159.png,0
dataset/train/humerus/9160.png,0
dataset/train/humerus/9161.png,0
dataset/train/humerus/9162.png,0
dataset/train/humerus/9163.png,0
dataset/train/humerus/9164.png,0
dataset/train/humerus/9165.png,0
dataset/train/humerus/9166.png,0
dataset/train/humerus/9167.png,0
dataset/train/humerus/9168.png,0
dataset/train/humerus/9169.png,0
dataset/train/humerus/9170.png,0
dataset/train/humerus/9171.png,0
dataset/train/humerus/9172.png,0
dataset/train/humerus/9173.png,0
dataset/train/humerus/9174.png,0
dataset/train/humerus/9175.png,0
dataset/train/humerus/9176.png,0
dataset/train/humerus/9177.png,0
dataset/train/humerus/9178.png,0
dataset/train/humerus/9179.png,0
dataset/train/humerus/9180.png,0
dataset/train/humerus/9181.png,0
dataset/train/humerus/9182.png,0
dataset/train/humerus/9183.png,0
dataset/train/humerus/9184.png,0
dataset/train/humerus/9185.png,0
dataset/train/humerus/9186.png,0
dataset/train/humerus/9187.png,0
dataset/train/humerus/9188.png,0
dataset/train/humerus/9189.png,0
dataset/train/humerus/9190.png,0
dataset/train/humerus/9191.png,0
dataset/train/humerus/9192.png,0
dataset/train/humerus/9193.png,0
dataset/train/humerus/9194.png,0
dataset/train/humerus/9195.png,0
dataset/train/humerus/9196.png,0
dataset/train/humerus/9197.png,0
dataset/train/humerus/9198.png,0
dataset/train/humerus/9199.png,0
dataset/train/humerus/9200.png,0
dataset/train/humerus/9201.png,0
dataset/train/humerus/9202.png,0
dataset/train/humerus/9203.png,0
dataset/train/humerus/9204.png,0
dataset/train/humerus/9205.png,0
dataset/train/humerus/9206.png,0
dataset/train/humerus/9207.png,0
dataset/train/humerus/9208.png,0
dataset/train/humerus/9209.png,0
dataset/train/humerus/9210.png,0
dataset/train/humerus/9211.png,0
dataset/train/humerus/9212.png,0
dataset/train/humerus/9213.png,0
dataset/train/humerus/9214.png,0
dataset/train/humerus/9215.png,0
dataset/train/humerus/9216.png,0
dataset/train/humerus/9217.png,0
dataset/train/humerus/9218.png,0
dataset/train/humerus/9219.png,0
dataset/train/humerus/9220.png,0
dataset/train/humerus/9221.png,0
dataset/train/humerus/9222.png,0
dataset/train/humerus/9223.png,0
dataset/train/humerus/9224.png,0
dataset/train/humerus/9225.png,0
dataset/train/humerus/9226.png,0
dataset/train/humerus/9227.png,0
dataset/train/humerus/9228.png,0
dataset/train/humerus/9229.png,0
dataset/train/humerus/9230.png,0
dataset/train/humerus/9231.png,0
dataset/train/humerus/9232.png,0
dataset/train/humerus/9233.png,0
dataset/train/humerus/9234.png,0
dataset/train/humerus/9235.png,0
dataset/train/humerus/9236.png,0
dataset/train/humerus/9237.png,0
dataset/train/humerus/9238.png,0
dataset/train/humerus/9239.png,0
dataset/train/humerus/9240.png,0
dataset/train/humerus/9241.png,0
dataset/train/humerus/9242.png,0
dataset/train/humerus/9243.png,0
dataset/train/humerus/9244.png,0
dataset/train/humerus/9245.png,0
dataset/train/humerus/9246.png,0
dataset/train/humerus/9247.png,0
dataset/train/humerus/9248.png,0
dataset/train/humerus/9249.png,0
dataset/train/humerus/9250.png,0
dataset/train/humerus/9251.png,0
dataset/train/humerus/9252.png,0
dataset/train/humerus/9253.png,0
dataset/train/humerus/9254.png,0
dataset/train/humerus/9255.png,0
dataset/train/humerus/9256.png,0
dataset/train/humerus/9257.png,0
dataset/train/humerus/9258.png,0
dataset/train/humerus/9259.png,0
dataset/train/humerus/9260.png,0
dataset/train/humerus/9261.png,0
dataset/train/humerus/9262.png,0
dataset/train/humerus/9263.png,0
dataset/train/humerus/9264.png,0
dataset/train/humerus/9265.png,0
dataset/train/humerus/9266.png,0
dataset/train/humerus/9267.png,0
dataset/train/humerus/9268.png,0
dataset/train/humerus/9269.png,0
dataset/train/humerus/9270.png,0
dataset/train/humerus/9271.png,0
dataset/train/humerus/9272.png,0
dataset/train/humerus/9273.png,0
dataset/train/humerus/9274.png,0
dataset/train/humerus/9275.png,0
dataset/train/humerus/9276.png,0
dataset/train/humerus/9277.png,0
dataset/train/humerus/9278.png,0
dataset/train/humerus/9279.png,0
dataset/train/humerus/9280.png,0
dataset/train/humerus/9281.png,0
dataset/train/humerus/9282.png,0
dataset/train/humerus/9283.png,0
dataset/train/humerus/9284.png,0
dataset/train/humerus/9285.png,0
dataset/train/humerus/9286.png,0
dataset/train/humerus/9287.png,0
dataset/train/humerus/9288.png,0
dataset/train/humerus/9289.png,0
dataset/train/humerus/9290.png,0
dataset/train/humerus/9291.png,0
dataset/train/humerus/9292.png,0
dataset/train/humerus/9293.png,0
dataset/train/humerus/9294.png,0
dataset/train/humerus/9295.png,0
dataset/train/humerus/9296.png,0
dataset/train/humerus/9297.png,0
dataset/train/humerus/9298.png,0
dataset/train/humerus/9299.png,0
dataset/train/humerus/9300.png,0
dataset/train/humerus/9301.png,0
dataset/train/humerus/9302.png,0
dataset/train/humerus/9303.png,0
dataset/train/humerus/9304.png,0
dataset/train/humerus/9305.png,0
dataset/train/humerus/9306.png,0
dataset/train/humerus/9307.png,0
dataset/train/humerus/9308.png,0
dataset/train/humerus/9309.png,0
dataset/train/humerus/9310.png,0
dataset/train/humerus/9311.png,0
dataset/train/humerus/9312.png,0
dataset/train/humerus/9313.png,0
dataset/train/humerus/9314.png,0
dataset/train/humerus/9315.png,0
dataset/train/humerus/9316.png,0
dataset/train/humerus/9317.png,0
dataset/train/humerus/9318.png,0
dataset/train/humerus/9319.png,0
dataset/train/humerus/9320.png,0
dataset/train/humerus/9321.png,0
dataset/train/humerus/9322.png,0
dataset/train/humerus/9323.png,0
dataset/train/humerus/9324.png,0
dataset/train/humerus/9325.png,0
dataset/train/humerus/9326.png,0
dataset/train/humerus/9327.png,0
dataset/train/humerus/9328.png,0
dataset/train/humerus/9329.png,0
dataset/train/humerus/9330.png,0
dataset/train/humerus/9331.png,0
dataset/train/humerus/9332.png,0
dataset/train/humerus/9333.png,0
dataset/train/humerus/9334.png,0
dataset/train/humerus/9335.png,0
dataset/train/humerus/9336.png,0
dataset/train/humerus/9337.png,0
dataset/train/humerus/9338.png,0
dataset/train/humerus/9339.png,0
dataset/train/humerus/9340.png,0
dataset/train/humerus/9341.png,0
dataset/train/humerus/9342.png,0
dataset/train/humerus/9343.png,0
dataset/train/humerus/9344.png,0
dataset/train/humerus/9345.png,0
dataset/train/humerus/9346.png,0
dataset/train/humerus/9347.png,0
dataset/train/humerus/9348.png,0
dataset/train/humerus/9349.png,0
dataset/train/humerus/9350.png,0
dataset/train/humerus/9351.png,0
dataset/train/humerus/9352.png,0
dataset/train/humerus/9353.png,0
dataset/train/humerus/9354.png,0
dataset/train/humerus/9355.png,0
dataset/train/humerus/9356.png,0
dataset/train/humerus/9357.png,0
dataset/train/humerus/9358.png,0
dataset/train/humerus/9359.png,0
dataset/train/humerus/9360.png,0
dataset/train/humerus/9361.png,0
dataset/train/humerus/9362.png,0
dataset/train/humerus/9363.png,0
dataset/train/humerus/9364.png,0
dataset/train/humerus/9365.png,0
dataset/train/humerus/9366.png,0
dataset/train/humerus/9367.png,0
dataset/train/humerus/9368.png,0
dataset/train/humerus/9369.png,0
dataset/train/humerus/9370.png,0
dataset/train/humerus/9371.png,0
dataset/train/humerus/9372.png,0
dataset/train/humerus/9373.png,0
dataset/train/humerus/9374.png,0
dataset/train/humerus/9375.png,0
dataset/train/humerus/9376.png,0
dataset/train/humerus/9377.png,0
dataset/train/humerus/9378.png,0
dataset/train/humerus/9379.png,0
dataset/train/humerus/9380.png,0
dataset/train/humerus/9381.png,0
dataset/train/humerus/9382.png,0
dataset/train/humerus/9383.png,0
dataset/train/humerus/9384.png,0
dataset/train/humerus/9385.png,0
dataset/train/humerus/9386.png,0
dataset/train/humerus/9387.png,0
dataset/train/humerus/9388.png,0
dataset/train/humerus/9389.png,0
dataset/train/humerus/9390.png,0
dataset/train/humerus/9391.png,0
dataset/train/humerus/9392.png,0
dataset/train/humerus/9393.png,0
dataset/train/humerus/9394.png,0
dataset/train/humerus/9395.png,0
dataset/train/humerus/9396.png,0
dataset/train/humerus/9397.png,0
dataset/train/humerus/9398.png,0
dataset/train/humerus/9399.png,0
dataset/train/humerus/9400.png,0
dataset/train/humerus/9401.png,0
dataset/train/humerus/9402.png,0
dataset/train/humerus/9403.png,0
dataset/train/humerus/9404.png,0
dataset/train/humerus/9405.png,0
dataset/train/humerus/9406.png,0
dataset/train/humerus/9407.png,0
dataset/train/humerus/9408.png,0
dataset/train/humerus/9409.png,0
dataset/train/humerus/9410.png,0
dataset/train/humerus/9411.png,0
dataset/train/humerus/9412.png,0
dataset/train/humerus/9413.png,0
dataset/train/humerus/9414.png,0
dataset/train/humerus/9415.png,0
dataset/train/humerus/9416.png,0
dataset/train/humerus/9417.png,0
dataset/train/humerus/9418.png,0
dataset/train/humerus/9419.png,0
dataset/train/humerus/9420.png,0
dataset/train/humerus/9421.png,0
dataset/train/humerus/9422.png,0
dataset/train/humerus/9423.png,0
dataset/train/humerus/9424.png,0
dataset/train/humerus/9425.png,0
dataset/train/humerus/9426.png,0
dataset/train/humerus/9427.png,0
dataset/train/humerus/9428.png,0
dataset/train/humerus/9429.png,0
dataset/train/humerus/9430.png,0
dataset/train/humerus/9431.png,0
dataset/train/humerus/9432.png,0
dataset/train/humerus/9433.png,0
dataset/train/humerus/9434.png,0
dataset/train/humerus/9435.png,0
dataset/train/humerus/9436.png,0
dataset/train/humerus/9437.png,0
dataset/train/humerus/9438.png,0
dataset/train/humerus/9439.png,0
dataset/train/humerus/9440.png,0
dataset/train/humerus/9441.png,0
dataset/train/humerus/9442.png,0
dataset/train/humerus/9443.png,0
dataset/train/humerus/9444.png,0
dataset/train/humerus/9445.png,0
dataset/train/humerus/9446.png,0
dataset/train/humerus/9447.png,0
dataset/train/humerus/9448.png,0
dataset/train/humerus/9449.png,0
dataset/train/humerus/9450.png,0
dataset/train/humerus/9451.png,0
dataset/train/humerus/9452.png,0
dataset/train/humerus/9453.png,0
dataset/train/humerus/9454.png,0
dataset/train/humerus/9455.png,0
dataset/train/humerus/9456.png,0
dataset/train/humerus/9457.png,0
dataset/train/humerus/9458.png,0
dataset/train/humerus/9459.png,0
dataset/train/humerus/9460.png,0
dataset/train/humerus/9461.png,0
dataset/train/humerus/9462.png,0
dataset/train/humerus/9463.png,0
dataset/train/humerus/9464.png,0
dataset/train/humerus/9465.png,0
dataset/train/humerus/9466.png,0
dataset/train/humerus/9467.png,0
dataset/train/humerus/9468.png,0
dataset/train/humerus/9469.png,0
dataset/train/humerus/9470.png,0
dataset/train/humerus/9471.png,0
dataset/train/humerus/9472.png,0
dataset/train/humerus/9473.png,0
dataset/train/humerus/9474.png,0
dataset/train/humerus/9475.png,0
dataset/train/humerus/9476.png,0
dataset/train/humerus/9477.png,0
dataset/train/humerus/9478.png,0
dataset/train/humerus/9479.png,0
dataset/train/humerus/9480.png,0
dataset/train/humerus/9481.png,0
dataset/train/humerus/9482.png,0
dataset/train/humerus/9483.png,0
dataset/train/humerus/9484.png,0
dataset/train/humerus/9485.png,0
dataset/train/humerus/9486.png,0
dataset/train/humerus/9487.png,0
dataset/train/humerus/9488.png,0
dataset/train/humerus/9489.png,0
dataset/train/humerus/9490.png,0
dataset/train/humerus/9491.png,0
dataset/train/humerus/9492.png,0
dataset/train/humerus/9493.png,0
dataset/train/humerus/9494.png,0
dataset/train/humerus/9495.png,0
dataset/train/humerus/9496.png,0
dataset/train/humerus/9497.png,0
dataset/train/humerus/9498.png,0
dataset/train/humerus/9499.png,0
dataset/train/humerus/9500.png,0
dataset/train/humerus/9501.png,0
dataset/train/humerus/9502.png,0
dataset/train/humerus/9503.png,0
dataset/train/humerus/9504.png,0
dataset/train/humerus/9505.png,0
dataset/train/humerus/9506.png,0
dataset/train/humerus/9507.png,0
dataset/train/humerus/9508.png,0
dataset/train/humerus/9509.png,0
dataset/train/humerus/9510.png,0
dataset/train/humerus/9511.png,0
dataset/train/humerus/9512.png,0
dataset/train/humerus/9513.png,0
dataset/train/humerus/9514.png,0
dataset/train/humerus/9515.png,0
dataset/train/humerus/9516.png,0
dataset/train/humerus/9517.png,0
dataset/train/humerus/9518.png,0
dataset/train/humerus/9519.png,0
dataset/train/humerus/9520.png,0
dataset/train/humerus/9521.png,0
dataset/train/humerus/9522.png,0
dataset/train/humerus/9523.png,0
dataset/train/humerus/9524.png,0
dataset/train/humerus/9525.png,0
dataset/train/humerus/9526.png,0
dataset/train/humerus/9527.png,0
dataset/train/humerus/9528.png,0
dataset/train/humerus/9529.png,0
dataset/train/humerus/9530.png,0
dataset/train/humerus/9531.png,0
dataset/train/humerus/9532.png,0
dataset/train/humerus/9533.png,0
dataset/train/humerus/9534.png,0
dataset/train/humerus/9535.png,0
dataset/train/humerus/9536.png,0
dataset/train/humerus/9537.png,0
dataset/train/humerus/9538.png,0
dataset/train/humerus/9539.png,0
dataset/train/humerus/9540.png,0
dataset/train/humerus/9541.png,0
dataset/train/humerus/9542.png,0
dataset/train/humerus/9543.png,0
dataset/train/humerus/9544.png,0
dataset/train/humerus/9545.png,0
dataset/train/humerus/9546.png,0
dataset/train/humerus/9547.png,0
dataset/train/humerus/9548.png,0
dataset/train/humerus/9549.png,0
dataset/train/humerus/9550.png,0
dataset/train/humerus/9551.png,0
dataset/train/humerus/9552.png,0
dataset/train/humerus/9553.png,0
dataset/train/humerus/9554.png,0
dataset/train/humerus/9555.png,0
dataset/train/humerus/9556.png,0
dataset/train/humerus/9557.png,0
dataset/train/humerus/9558.png,0
dataset/train/humerus/9559.png,0
dataset/train/humerus/9560.png,0
dataset/train/humerus/9561.png,0
dataset/train/humerus/9562.png,0
dataset/train/humerus/9563.png,0
dataset/train/humerus/9564.png,0
dataset/train/humerus/9565.png,0
dataset/train/humerus/9566.png,0
dataset/train/humerus/9567.png,0
dataset/train/humerus/9568.png,0
dataset/train/humerus/9569.png,0
dataset/train/humerus/9570.png,0
dataset/train/humerus/9571.png,0
dataset/train/humerus/9572.png,0
dataset/train/humerus/9573.png,0
dataset/train/humerus/9574.png,0
dataset/train/humerus/9575.png,0
dataset/train/humerus/9576.png,0
dataset/train/humerus/9577.png,0
dataset/train/humerus/9578.png,0
dataset/train/humerus/9579.png,0
dataset/train/humerus/9580.png,0
dataset/train/humerus/9581.png,0
dataset/train/humerus/9582.png,0
dataset/train/humerus/9583.png,0
dataset/train/humerus/9584.png,0
dataset/train/humerus/9585.png,0
dataset/train/humerus/9586.png,0
dataset/train/humerus/9587.png,0
dataset/train/humerus/9588.png,0
dataset/train/humerus/9589.png,0
dataset/train/humerus/9590.png,0
dataset/train/humerus/9591.png,0
dataset/train/humerus/9592.png,0
dataset/train/humerus/9593.png,0
dataset/train/humerus/9594.png,0
dataset/train/humerus/9595.png,0
dataset/train/humerus/9596.png,0
dataset/train/humerus/9597.png,0
dataset/train/humerus/9598.png,0
dataset/train/humerus/9599.png,0
dataset/train/humerus/9600.png,0
dataset/train/humerus/9601.png,0
dataset/train/humerus/9602.png,0
dataset/train/humerus/9603.png,0
dataset/train/humerus/9604.png,0
dataset/train/humerus/9605.png,0
dataset/train/humerus/9606.png,0
dataset/train/humerus/9607.png,0
dataset/train/humerus/9608.png,0
dataset/train/humerus/9609.png,0
dataset/train/humerus/9610.png,0
dataset/train/humerus/9611.png,0
dataset/train/humerus/9612.png,0
dataset/train/humerus/9613.png,0
dataset/train/humerus/9614.png,0
dataset/train/humerus/9615.png,0
dataset/train/humerus/9616.png,0
dataset/train/humerus/9617.png,0
dataset/train/humerus/9618.png,0
dataset/train/humerus/9619.png,0
dataset/train/humerus/9620.png,0
dataset/train/humerus/9621.png,0
dataset/train/humerus/9622.png,0
dataset/train/humerus/9623.png,0
dataset/train/humerus/9624.png,0
dataset/train/humerus/9625.png,0
dataset/train/humerus/9626.png,0
dataset/train/humerus/9627.png,0
dataset/train/humerus/9628.png,0
dataset/train/humerus/9629.png,0
dataset/train/humerus/9630.png,0
dataset/train/humerus/9631.png,0
dataset/train/humerus/9632.png,0
dataset/train/humerus/9633.png,0
dataset/train/humerus/9634.png,0
dataset/train/humerus/9635.png,0
dataset/train/humerus/9636.png,0
dataset/train/humerus/9637.png,0
dataset/train/humerus/9638.png,0
dataset/train/humerus/9639.png,0
dataset/train/humerus/9640.png,0
dataset/train/humerus/9641.png,0
dataset/train/humerus/9642.png,0
dataset/train/humerus/9643.png,0
dataset/train/humerus/9644.png,0
dataset/train/humerus/9645.png,0
dataset/train/humerus/9646.png,0
dataset/train/humerus/9647.png,0
dataset/train/humerus/9648.png,0
dataset/train/humerus/9649.png,0
dataset/train/humerus/9650.png,0
