dataset/train/hand/31269.png,1.0
dataset/train/hand/31270.png,1.0
dataset/train/hand/31271.png,1.0
dataset/train/hand/31272.png,1.0
dataset/train/hand/31273.png,1.0
dataset/train/hand/31274.png,1.0
dataset/train/hand/31275.png,1.0
dataset/train/hand/31276.png,1.0
dataset/train/hand/31277.png,1.0
dataset/train/hand/31278.png,1.0
dataset/train/hand/31279.png,1.0
dataset/train/hand/31280.png,1.0
dataset/train/hand/31281.png,1.0
dataset/train/hand/31282.png,1.0
dataset/train/hand/31283.png,1.0
dataset/train/hand/31284.png,1.0
dataset/train/hand/31285.png,1.0
dataset/train/hand/31286.png,1.0
dataset/train/hand/31287.png,1.0
dataset/train/hand/31288.png,1.0
dataset/train/hand/31289.png,1.0
dataset/train/hand/31290.png,1.0
dataset/train/hand/31291.png,1.0
dataset/train/hand/31292.png,1.0
dataset/train/hand/31293.png,1.0
dataset/train/hand/31294.png,1.0
dataset/train/hand/31295.png,0
dataset/train/hand/31296.png,0
dataset/train/hand/31297.png,0
dataset/train/hand/31298.png,1.0
dataset/train/hand/31299.png,1.0
dataset/train/hand/31300.png,1.0
dataset/train/hand/31301.png,1.0
dataset/train/hand/31302.png,1.0
dataset/train/hand/31303.png,1.0
dataset/train/hand/31304.png,1.0
dataset/train/hand/31305.png,1.0
dataset/train/hand/31306.png,1.0
dataset/train/hand/31307.png,1.0
dataset/train/hand/31308.png,1.0
dataset/train/hand/31309.png,1.0
dataset/train/hand/31310.png,1.0
dataset/train/hand/31311.png,1.0
dataset/train/hand/31312.png,1.0
dataset/train/hand/31313.png,1.0
dataset/train/hand/31314.png,1.0
dataset/train/hand/31315.png,1.0
dataset/train/hand/31316.png,1.0
dataset/train/hand/31317.png,1.0
dataset/train/hand/31318.png,1.0
dataset/train/hand/31319.png,1.0
dataset/train/hand/31320.png,1.0
dataset/train/hand/31321.png,1.0
dataset/train/hand/31322.png,1.0
dataset/train/hand/31323.png,1.0
dataset/train/hand/31324.png,1.0
dataset/train/hand/31325.png,1.0
dataset/train/hand/31326.png,1.0
dataset/train/hand/31327.png,1.0
dataset/train/hand/31328.png,1.0
dataset/train/hand/31329.png,1.0
dataset/train/hand/31330.png,1.0
dataset/train/hand/31331.png,1.0
dataset/train/hand/31332.png,1.0
dataset/train/hand/31333.png,1.0
dataset/train/hand/31334.png,1.0
dataset/train/hand/31335.png,1.0
dataset/train/hand/31336.png,1.0
dataset/train/hand/31337.png,1.0
dataset/train/hand/31338.png,1.0
dataset/train/hand/31339.png,1.0
dataset/train/hand/31340.png,1.0
dataset/train/hand/31341.png,1.0
dataset/train/hand/31342.png,1.0
dataset/train/hand/31343.png,1.0
dataset/train/hand/31344.png,1.0
dataset/train/hand/31345.png,1.0
dataset/train/hand/31346.png,1.0
dataset/train/hand/31347.png,1.0
dataset/train/hand/31348.png,1.0
dataset/train/hand/31349.png,1.0
dataset/train/hand/31350.png,1.0
dataset/train/hand/31351.png,1.0
dataset/train/hand/31352.png,1.0
dataset/train/hand/31353.png,1.0
dataset/train/hand/31354.png,1.0
dataset/train/hand/31355.png,1.0
dataset/train/hand/31356.png,1.0
dataset/train/hand/31357.png,1.0
dataset/train/hand/31358.png,1.0
dataset/train/hand/31359.png,0
dataset/train/hand/31360.png,1.0
dataset/train/hand/31361.png,1.0
dataset/train/hand/31362.png,1.0
dataset/train/hand/31363.png,1.0
dataset/train/hand/31364.png,1.0
dataset/train/hand/31365.png,1.0
dataset/train/hand/31366.png,1.0
dataset/train/hand/31367.png,1.0
dataset/train/hand/31368.png,1.0
dataset/train/hand/31369.png,1.0
dataset/train/hand/31370.png,1.0
dataset/train/hand/31371.png,1.0
dataset/train/hand/31372.png,1.0
dataset/train/hand/31373.png,1.0
dataset/train/hand/31374.png,1.0
dataset/train/hand/31375.png,1.0
dataset/train/hand/31376.png,1.0
dataset/train/hand/31377.png,1.0
dataset/train/hand/31378.png,1.0
dataset/train/hand/31379.png,1.0
dataset/train/hand/31380.png,1.0
dataset/train/hand/31381.png,1.0
dataset/train/hand/31384.png,1.0
dataset/train/hand/31385.png,1.0
dataset/train/hand/31386.png,1.0
dataset/train/hand/31387.png,1.0
dataset/train/hand/31388.png,1.0
dataset/train/hand/31389.png,1.0
dataset/train/hand/31390.png,1.0
dataset/train/hand/31391.png,1.0
dataset/train/hand/31392.png,1.0
dataset/train/hand/31393.png,1.0
dataset/train/hand/31394.png,1.0
dataset/train/hand/31395.png,1.0
dataset/train/hand/31396.png,1.0
dataset/train/hand/31397.png,1.0
dataset/train/hand/31398.png,1.0
dataset/train/hand/31399.png,1.0
dataset/train/hand/31400.png,1.0
dataset/train/hand/31401.png,1.0
dataset/train/hand/31402.png,1.0
dataset/train/hand/31403.png,1.0
dataset/train/hand/31404.png,1.0
dataset/train/hand/31405.png,1.0
dataset/train/hand/31406.png,1.0
dataset/train/hand/31407.png,1.0
dataset/train/hand/31408.png,1.0
dataset/train/hand/31409.png,1.0
dataset/train/hand/31410.png,1.0
dataset/train/hand/31411.png,1.0
dataset/train/hand/31412.png,1.0
dataset/train/hand/31413.png,1.0
dataset/train/hand/31414.png,1.0
dataset/train/hand/31415.png,1.0
dataset/train/hand/31416.png,1.0
dataset/train/hand/31417.png,1.0
dataset/train/hand/31418.png,1.0
dataset/train/hand/31419.png,1.0
dataset/train/hand/31420.png,1.0
dataset/train/hand/31421.png,1.0
dataset/train/hand/31422.png,1.0
dataset/train/hand/31423.png,1.0
dataset/train/hand/31424.png,1.0
dataset/train/hand/31425.png,1.0
dataset/train/hand/31426.png,1.0
dataset/train/hand/31427.png,1.0
dataset/train/hand/31428.png,1.0
dataset/train/hand/31429.png,1.0
dataset/train/hand/31430.png,1.0
dataset/train/hand/31431.png,1.0
dataset/train/hand/31432.png,1.0
dataset/train/hand/31433.png,1.0
dataset/train/hand/31434.png,1.0
dataset/train/hand/31435.png,1.0
dataset/train/hand/31436.png,1.0
dataset/train/hand/31437.png,1.0
dataset/train/hand/31438.png,1.0
dataset/train/hand/31439.png,1.0
dataset/train/hand/31440.png,1.0
dataset/train/hand/31441.png,1.0
dataset/train/hand/31442.png,1.0
dataset/train/hand/31443.png,1.0
dataset/train/hand/31444.png,1.0
dataset/train/hand/31445.png,1.0
dataset/train/hand/31446.png,1.0
dataset/train/hand/31447.png,1.0
dataset/train/hand/31448.png,1.0
dataset/train/hand/31449.png,1.0
dataset/train/hand/31450.png,1.0
dataset/train/hand/31451.png,1.0
dataset/train/hand/31452.png,1.0
dataset/train/hand/31453.png,1.0
dataset/train/hand/31454.png,0
dataset/train/hand/31455.png,0
dataset/train/hand/31456.png,0
dataset/train/hand/31457.png,1.0
dataset/train/hand/31458.png,1.0
dataset/train/hand/31459.png,1.0
dataset/train/hand/31460.png,1.0
dataset/train/hand/31461.png,1.0
dataset/train/hand/31462.png,1.0
dataset/train/hand/31464.png,1.0
dataset/train/hand/31465.png,1.0
dataset/train/hand/31466.png,1.0
dataset/train/hand/31467.png,1.0
dataset/train/hand/31468.png,1.0
dataset/train/hand/31469.png,1.0
dataset/train/hand/31472.png,1.0
dataset/train/hand/31473.png,1.0
dataset/train/hand/31474.png,1.0
dataset/train/hand/31475.png,1.0
dataset/train/hand/31476.png,1.0
dataset/train/hand/31477.png,1.0
dataset/train/hand/31478.png,1.0
dataset/train/hand/31479.png,1.0
dataset/train/hand/31480.png,1.0
dataset/train/hand/31481.png,1.0
dataset/train/hand/31482.png,1.0
dataset/train/hand/31483.png,1.0
dataset/train/hand/31484.png,1.0
dataset/train/hand/31485.png,1.0
dataset/train/hand/31486.png,1.0
dataset/train/hand/31487.png,1.0
dataset/train/hand/31488.png,1.0
dataset/train/hand/31489.png,1.0
dataset/train/hand/31490.png,1.0
dataset/train/hand/31491.png,1.0
dataset/train/hand/31492.png,1.0
dataset/train/hand/31493.png,1.0
dataset/train/hand/31494.png,1.0
dataset/train/hand/31495.png,1.0
dataset/train/hand/31496.png,1.0
dataset/train/hand/31497.png,1.0
dataset/train/hand/31498.png,1.0
dataset/train/hand/31499.png,1.0
dataset/train/hand/31500.png,1.0
dataset/train/hand/31501.png,1.0
dataset/train/hand/31502.png,1.0
dataset/train/hand/31503.png,1.0
dataset/train/hand/31504.png,1.0
dataset/train/hand/31505.png,1.0
dataset/train/hand/31507.png,1.0
dataset/train/hand/31508.png,1.0
dataset/train/hand/31509.png,1.0
dataset/train/hand/31510.png,1.0
dataset/train/hand/31511.png,1.0
dataset/train/hand/31512.png,0
dataset/train/hand/31513.png,0
dataset/train/hand/31514.png,0
dataset/train/hand/31518.png,1.0
dataset/train/hand/31519.png,1.0
dataset/train/hand/31520.png,1.0
dataset/train/hand/31521.png,1.0
dataset/train/hand/31522.png,1.0
dataset/train/hand/31523.png,1.0
dataset/train/hand/31524.png,1.0
dataset/train/hand/31525.png,1.0
dataset/train/hand/31526.png,1.0
dataset/train/hand/31529.png,1.0
dataset/train/hand/31530.png,1.0
dataset/train/hand/31531.png,1.0
dataset/train/hand/31532.png,1.0
dataset/train/hand/31533.png,1.0
dataset/train/hand/31534.png,1.0
dataset/train/hand/31535.png,1.0
dataset/train/hand/31536.png,1.0
dataset/train/hand/31537.png,1.0
dataset/train/hand/31538.png,1.0
dataset/train/hand/31540.png,1.0
dataset/train/hand/31541.png,1.0
dataset/train/hand/31542.png,1.0
dataset/train/hand/31543.png,1.0
dataset/train/hand/31544.png,1.0
dataset/train/hand/31548.png,1.0
dataset/train/hand/31549.png,1.0
dataset/train/hand/31550.png,1.0
dataset/train/hand/31551.png,1.0
dataset/train/hand/31552.png,1.0
dataset/train/hand/31553.png,1.0
dataset/train/hand/31554.png,1.0
dataset/train/hand/31555.png,1.0
dataset/train/hand/31556.png,1.0
dataset/train/hand/31557.png,1.0
dataset/train/hand/31558.png,1.0
dataset/train/hand/31559.png,1.0
dataset/train/hand/31560.png,1.0
dataset/train/hand/31562.png,1.0
dataset/train/hand/31563.png,1.0
dataset/train/hand/31564.png,1.0
dataset/train/hand/31565.png,1.0
dataset/train/hand/31566.png,1.0
dataset/train/hand/31567.png,1.0
dataset/train/hand/31568.png,1.0
dataset/train/hand/31569.png,1.0
dataset/train/hand/31570.png,1.0
dataset/train/hand/31571.png,1.0
dataset/train/hand/31572.png,1.0
dataset/train/hand/31574.png,1.0
dataset/train/hand/31575.png,1.0
dataset/train/hand/31576.png,1.0
dataset/train/hand/31577.png,1.0
dataset/train/hand/31578.png,1.0
dataset/train/hand/31579.png,1.0
dataset/train/hand/31580.png,1.0
dataset/train/hand/31581.png,1.0
dataset/train/hand/31582.png,1.0
dataset/train/hand/31583.png,1.0
dataset/train/hand/31584.png,1.0
dataset/train/hand/31585.png,0
dataset/train/hand/31586.png,0
dataset/train/hand/31587.png,0
dataset/train/hand/31588.png,1.0
dataset/train/hand/31589.png,1.0
dataset/train/hand/31590.png,1.0
dataset/train/hand/31591.png,1.0
dataset/train/hand/31592.png,1.0
dataset/train/hand/31594.png,1.0
dataset/train/hand/31595.png,1.0
dataset/train/hand/31596.png,1.0
dataset/train/hand/31597.png,1.0
dataset/train/hand/31598.png,0
dataset/train/hand/31599.png,0
dataset/train/hand/31600.png,0
dataset/train/hand/31601.png,1.0
dataset/train/hand/31602.png,1.0
dataset/train/hand/31603.png,1.0
dataset/train/hand/31604.png,1.0
dataset/train/hand/31605.png,1.0
dataset/train/hand/31606.png,1.0
dataset/train/hand/31607.png,1.0
dataset/train/hand/31608.png,1.0
dataset/train/hand/31609.png,1.0
dataset/train/hand/31610.png,1.0
dataset/train/hand/31611.png,1.0
dataset/train/hand/31612.png,1.0
dataset/train/hand/31613.png,1.0
dataset/train/hand/31614.png,1.0
dataset/train/hand/31615.png,1.0
dataset/train/hand/31616.png,0
dataset/train/hand/31617.png,0
dataset/train/hand/31618.png,0
dataset/train/hand/31619.png,1.0
dataset/train/hand/31620.png,1.0
dataset/train/hand/31621.png,1.0
dataset/train/hand/31622.png,1.0
dataset/train/hand/31623.png,1.0
dataset/train/hand/31624.png,1.0
dataset/train/hand/31625.png,1.0
dataset/train/hand/31626.png,1.0
dataset/train/hand/31627.png,1.0
dataset/train/hand/31628.png,1.0
dataset/train/hand/31629.png,1.0
dataset/train/hand/31630.png,1.0
dataset/train/hand/31631.png,1.0
dataset/train/hand/31632.png,1.0
dataset/train/hand/31633.png,1.0
dataset/train/hand/31634.png,1.0
dataset/train/hand/31635.png,0
dataset/train/hand/31637.png,1.0
dataset/train/hand/31638.png,1.0
dataset/train/hand/31639.png,1.0
dataset/train/hand/31640.png,1.0
dataset/train/hand/31641.png,1.0
dataset/train/hand/31642.png,1.0
dataset/train/hand/31643.png,1.0
dataset/train/hand/31644.png,1.0
dataset/train/hand/31645.png,1.0
dataset/train/hand/31646.png,1.0
dataset/train/hand/31647.png,0
dataset/train/hand/31648.png,0
dataset/train/hand/31649.png,1.0
dataset/train/hand/31650.png,1.0
dataset/train/hand/31651.png,1.0
dataset/train/hand/31652.png,1.0
dataset/train/hand/31653.png,1.0
dataset/train/hand/31654.png,1.0
dataset/train/hand/31655.png,1.0
dataset/train/hand/31656.png,1.0
dataset/train/hand/31657.png,1.0
dataset/train/hand/31658.png,1.0
dataset/train/hand/31659.png,1.0
dataset/train/hand/31660.png,1.0
dataset/train/hand/31661.png,1.0
dataset/train/hand/31662.png,1.0
dataset/train/hand/31663.png,1.0
dataset/train/hand/31664.png,1.0
dataset/train/hand/31665.png,1.0
dataset/train/hand/31666.png,1.0
dataset/train/hand/31667.png,1.0
dataset/train/hand/31668.png,1.0
dataset/train/hand/31669.png,1.0
dataset/train/hand/31670.png,1.0
dataset/train/hand/31671.png,1.0
dataset/train/hand/31672.png,1.0
dataset/train/hand/31673.png,1.0
dataset/train/hand/31674.png,1.0
dataset/train/hand/31675.png,1.0
dataset/train/hand/31676.png,1.0
dataset/train/hand/31677.png,1.0
dataset/train/hand/31678.png,1.0
dataset/train/hand/31679.png,1.0
dataset/train/hand/31681.png,1.0
dataset/train/hand/31682.png,1.0
dataset/train/hand/31683.png,1.0
dataset/train/hand/31684.png,1.0
dataset/train/hand/31685.png,1.0
dataset/train/hand/31686.png,1.0
dataset/train/hand/31687.png,1.0
dataset/train/hand/31688.png,1.0
dataset/train/hand/31689.png,1.0
dataset/train/hand/31690.png,1.0
dataset/train/hand/31691.png,1.0
dataset/train/hand/31693.png,1.0
dataset/train/hand/31694.png,1.0
dataset/train/hand/31695.png,1.0
dataset/train/hand/31696.png,1.0
dataset/train/hand/31697.png,1.0
dataset/train/hand/31698.png,1.0
dataset/train/hand/31699.png,1.0
dataset/train/hand/31700.png,1.0
dataset/train/hand/31701.png,1.0
dataset/train/hand/31702.png,1.0
dataset/train/hand/31703.png,1.0
dataset/train/hand/31704.png,1.0
dataset/train/hand/31705.png,1.0
dataset/train/hand/31707.png,1.0
dataset/train/hand/31708.png,1.0
dataset/train/hand/31709.png,1.0
dataset/train/hand/31710.png,1.0
dataset/train/hand/31711.png,1.0
dataset/train/hand/31712.png,1.0
dataset/train/hand/31713.png,1.0
dataset/train/hand/31714.png,1.0
dataset/train/hand/31715.png,1.0
dataset/train/hand/31716.png,1.0
dataset/train/hand/31717.png,1.0
dataset/train/hand/31718.png,1.0
dataset/train/hand/31719.png,1.0
dataset/train/hand/31720.png,1.0
dataset/train/hand/31721.png,1.0
dataset/train/hand/31722.png,1.0
dataset/train/hand/31723.png,1.0
dataset/train/hand/31724.png,1.0
dataset/train/hand/31725.png,1.0
dataset/train/hand/31726.png,1.0
dataset/train/hand/31729.png,1.0
dataset/train/hand/31730.png,1.0
dataset/train/hand/31733.png,1.0
dataset/train/hand/31734.png,1.0
dataset/train/hand/31735.png,1.0
dataset/train/hand/31736.png,1.0
dataset/train/hand/31737.png,1.0
dataset/train/hand/31738.png,1.0
dataset/train/hand/31739.png,1.0
dataset/train/hand/31740.png,1.0
dataset/train/hand/31741.png,1.0
dataset/train/hand/31742.png,1.0
dataset/train/hand/31743.png,1.0
dataset/train/hand/31744.png,1.0
dataset/train/hand/31745.png,1.0
dataset/train/hand/31746.png,1.0
dataset/train/hand/31747.png,1.0
dataset/train/hand/31748.png,1.0
dataset/train/hand/31749.png,1.0
dataset/train/hand/31750.png,1.0
dataset/train/hand/31751.png,1.0
dataset/train/hand/31752.png,1.0
dataset/train/hand/31753.png,1.0
dataset/train/hand/31754.png,1.0
dataset/train/hand/31755.png,1.0
dataset/train/hand/31756.png,1.0
dataset/train/hand/31757.png,1.0
dataset/train/hand/31762.png,1.0
dataset/train/hand/31763.png,1.0
dataset/train/hand/31764.png,1.0
dataset/train/hand/31765.png,1.0
dataset/train/hand/31766.png,1.0
dataset/train/hand/31767.png,1.0
dataset/train/hand/31768.png,1.0
dataset/train/hand/31769.png,1.0
dataset/train/hand/31770.png,1.0
dataset/train/hand/31771.png,1.0
dataset/train/hand/31772.png,1.0
dataset/train/hand/31773.png,1.0
dataset/train/hand/31774.png,1.0
dataset/train/hand/31775.png,1.0
dataset/train/hand/31776.png,1.0
dataset/train/hand/31777.png,1.0
dataset/train/hand/31778.png,1.0
dataset/train/hand/31779.png,1.0
dataset/train/hand/31780.png,1.0
dataset/train/hand/31781.png,1.0
dataset/train/hand/31782.png,1.0
dataset/train/hand/31783.png,1.0
dataset/train/hand/31784.png,1.0
dataset/train/hand/31785.png,1.0
dataset/train/hand/31786.png,1.0
dataset/train/hand/31787.png,1.0
dataset/train/hand/31788.png,1.0
dataset/train/hand/31789.png,1.0
dataset/train/hand/31790.png,1.0
dataset/train/hand/31791.png,1.0
dataset/train/hand/31792.png,1.0
dataset/train/hand/31793.png,1.0
dataset/train/hand/31794.png,1.0
dataset/train/hand/31795.png,1.0
dataset/train/hand/31796.png,1.0
dataset/train/hand/31797.png,1.0
dataset/train/hand/31798.png,1.0
dataset/train/hand/31799.png,1.0
dataset/train/hand/31800.png,1.0
dataset/train/hand/31801.png,1.0
dataset/train/hand/31802.png,1.0
dataset/train/hand/31803.png,1.0
dataset/train/hand/31804.png,1.0
dataset/train/hand/31805.png,1.0
dataset/train/hand/31806.png,1.0
dataset/train/hand/31807.png,1.0
dataset/train/hand/31808.png,1.0
dataset/train/hand/31809.png,1.0
dataset/train/hand/31810.png,1.0
dataset/train/hand/31811.png,1.0
dataset/train/hand/31812.png,1.0
dataset/train/hand/31813.png,1.0
dataset/train/hand/31814.png,1.0
dataset/train/hand/31815.png,1.0
dataset/train/hand/31816.png,1.0
dataset/train/hand/31817.png,1.0
dataset/train/hand/31818.png,1.0
dataset/train/hand/31819.png,1.0
dataset/train/hand/31820.png,1.0
dataset/train/hand/31821.png,1.0
dataset/train/hand/31822.png,1.0
dataset/train/hand/31823.png,1.0
dataset/train/hand/31824.png,1.0
dataset/train/hand/31825.png,1.0
dataset/train/hand/31828.png,1.0
dataset/train/hand/31829.png,1.0
dataset/train/hand/31830.png,1.0
dataset/train/hand/31831.png,1.0
dataset/train/hand/31832.png,1.0
dataset/train/hand/31833.png,1.0
dataset/train/hand/31834.png,1.0
dataset/train/hand/31835.png,1.0
dataset/train/hand/31836.png,1.0
dataset/train/hand/31837.png,1.0
dataset/train/hand/31841.png,1.0
dataset/train/hand/31842.png,1.0
dataset/train/hand/31843.png,1.0
dataset/train/hand/31844.png,1.0
dataset/train/hand/31845.png,1.0
dataset/train/hand/31846.png,1.0
dataset/train/hand/31848.png,1.0
dataset/train/hand/31849.png,1.0
dataset/train/hand/31854.png,1.0
dataset/train/hand/31855.png,1.0
dataset/train/hand/31856.png,1.0
dataset/train/hand/31857.png,1.0
dataset/train/hand/31858.png,1.0
dataset/train/hand/31859.png,1.0
dataset/train/hand/31860.png,1.0
dataset/train/hand/31861.png,1.0
dataset/train/hand/31862.png,1.0
dataset/train/hand/31863.png,1.0
dataset/train/hand/31864.png,1.0
dataset/train/hand/31865.png,1.0
dataset/train/hand/31866.png,1.0
dataset/train/hand/31867.png,1.0
dataset/train/hand/31868.png,1.0
dataset/train/hand/31869.png,1.0
dataset/train/hand/31870.png,1.0
dataset/train/hand/31871.png,1.0
dataset/train/hand/31872.png,1.0
dataset/train/hand/31873.png,1.0
dataset/train/hand/31874.png,1.0
dataset/train/hand/31875.png,1.0
dataset/train/hand/31876.png,1.0
dataset/train/hand/31877.png,1.0
dataset/train/hand/31878.png,1.0
dataset/train/hand/31879.png,1.0
dataset/train/hand/31880.png,1.0
dataset/train/hand/31881.png,1.0
dataset/train/hand/31882.png,1.0
dataset/train/hand/31883.png,1.0
dataset/train/hand/31884.png,1.0
dataset/train/hand/31885.png,1.0
dataset/train/hand/31886.png,1.0
dataset/train/hand/31887.png,1.0
dataset/train/hand/31888.png,1.0
dataset/train/hand/31889.png,1.0
dataset/train/hand/31890.png,1.0
dataset/train/hand/31891.png,1.0
dataset/train/hand/31892.png,1.0
dataset/train/hand/31893.png,1.0
dataset/train/hand/31894.png,1.0
dataset/train/hand/31895.png,1.0
dataset/train/hand/31896.png,1.0
dataset/train/hand/31897.png,1.0
dataset/train/hand/31898.png,1.0
dataset/train/hand/31899.png,1.0
dataset/train/hand/31900.png,1.0
dataset/train/hand/31901.png,1.0
dataset/train/hand/31902.png,1.0
dataset/train/hand/31903.png,1.0
dataset/train/hand/31904.png,1.0
dataset/train/hand/31905.png,1.0
dataset/train/hand/31906.png,1.0
dataset/train/hand/31907.png,1.0
dataset/train/hand/31908.png,1.0
dataset/train/hand/31909.png,1.0
dataset/train/hand/31910.png,1.0
dataset/train/hand/31911.png,1.0
dataset/train/hand/31912.png,1.0
dataset/train/hand/31913.png,1.0
dataset/train/hand/31914.png,1.0
dataset/train/hand/31915.png,1.0
dataset/train/hand/31916.png,1.0
dataset/train/hand/31917.png,1.0
dataset/train/hand/31918.png,1.0
dataset/train/hand/31919.png,1.0
dataset/train/hand/31920.png,1.0
dataset/train/hand/31921.png,1.0
dataset/train/hand/31922.png,1.0
dataset/train/hand/31923.png,1.0
dataset/train/hand/31924.png,1.0
dataset/train/hand/31925.png,1.0
dataset/train/hand/31926.png,1.0
dataset/train/hand/31927.png,1.0
dataset/train/hand/31928.png,1.0
dataset/train/hand/31929.png,1.0
dataset/train/hand/31930.png,1.0
dataset/train/hand/31931.png,1.0
dataset/train/hand/31932.png,1.0
dataset/train/hand/31933.png,1.0
dataset/train/hand/31934.png,1.0
dataset/train/hand/31935.png,1.0
dataset/train/hand/31936.png,1.0
dataset/train/hand/31937.png,1.0
dataset/train/hand/31938.png,1.0
dataset/train/hand/31939.png,1.0
dataset/train/hand/31940.png,1.0
dataset/train/hand/31941.png,1.0
dataset/train/hand/31942.png,1.0
dataset/train/hand/31943.png,1.0
dataset/train/hand/31944.png,1.0
dataset/train/hand/31945.png,1.0
dataset/train/hand/31946.png,1.0
dataset/train/hand/31947.png,1.0
dataset/train/hand/31948.png,1.0
dataset/train/hand/31949.png,1.0
dataset/train/hand/31950.png,1.0
dataset/train/hand/31951.png,1.0
dataset/train/hand/31952.png,1.0
dataset/train/hand/31953.png,1.0
dataset/train/hand/31954.png,1.0
dataset/train/hand/31955.png,1.0
dataset/train/hand/31956.png,1.0
dataset/train/hand/31957.png,1.0
dataset/train/hand/31958.png,1.0
dataset/train/hand/31959.png,1.0
dataset/train/hand/31960.png,1.0
dataset/train/hand/31961.png,0
dataset/train/hand/31962.png,0
dataset/train/hand/31963.png,0
dataset/train/hand/31964.png,0
dataset/train/hand/31965.png,1.0
dataset/train/hand/31966.png,1.0
dataset/train/hand/31967.png,1.0
dataset/train/hand/31968.png,1.0
dataset/train/hand/31969.png,1.0
dataset/train/hand/31970.png,1.0
dataset/train/hand/31971.png,1.0
dataset/train/hand/31972.png,1.0
dataset/train/hand/31973.png,1.0
dataset/train/hand/31974.png,1.0
dataset/train/hand/31975.png,1.0
dataset/train/hand/31976.png,1.0
dataset/train/hand/31977.png,1.0
dataset/train/hand/31978.png,1.0
dataset/train/hand/31979.png,1.0
dataset/train/hand/31980.png,1.0
dataset/train/hand/31981.png,1.0
dataset/train/hand/31982.png,1.0
dataset/train/hand/31983.png,1.0
dataset/train/hand/31984.png,1.0
dataset/train/hand/31985.png,1.0
dataset/train/hand/31986.png,1.0
dataset/train/hand/31987.png,1.0
dataset/train/hand/31988.png,1.0
dataset/train/hand/31989.png,1.0
dataset/train/hand/31990.png,1.0
dataset/train/hand/31991.png,1.0
dataset/train/hand/31992.png,1.0
dataset/train/hand/31993.png,1.0
dataset/train/hand/31994.png,1.0
dataset/train/hand/31995.png,1.0
dataset/train/hand/31996.png,1.0
dataset/train/hand/31997.png,1.0
dataset/train/hand/31998.png,1.0
dataset/train/hand/31999.png,1.0
dataset/train/hand/32000.png,1.0
dataset/train/hand/32001.png,1.0
dataset/train/hand/32002.png,1.0
dataset/train/hand/32003.png,1.0
dataset/train/hand/32004.png,1.0
dataset/train/hand/32005.png,1.0
dataset/train/hand/32006.png,1.0
dataset/train/hand/32007.png,1.0
dataset/train/hand/32008.png,1.0
dataset/train/hand/32009.png,1.0
dataset/train/hand/32010.png,1.0
dataset/train/hand/32011.png,1.0
dataset/train/hand/32012.png,1.0
dataset/train/hand/32013.png,1.0
dataset/train/hand/32014.png,1.0
dataset/train/hand/32015.png,1.0
dataset/train/hand/32016.png,1.0
dataset/train/hand/32017.png,1.0
dataset/train/hand/32018.png,1.0
dataset/train/hand/32019.png,1.0
dataset/train/hand/32020.png,1.0
dataset/train/hand/32021.png,1.0
dataset/train/hand/32022.png,1.0
dataset/train/hand/32023.png,1.0
dataset/train/hand/32024.png,1.0
dataset/train/hand/32025.png,1.0
dataset/train/hand/32026.png,1.0
dataset/train/hand/32027.png,1.0
dataset/train/hand/32028.png,1.0
dataset/train/hand/32029.png,1.0
dataset/train/hand/32030.png,1.0
dataset/train/hand/32031.png,1.0
dataset/train/hand/32032.png,1.0
dataset/train/hand/32033.png,1.0
dataset/train/hand/32034.png,1.0
dataset/train/hand/32035.png,1.0
dataset/train/hand/32036.png,1.0
dataset/train/hand/32037.png,1.0
dataset/train/hand/32038.png,1.0
dataset/train/hand/32039.png,1.0
dataset/train/hand/32040.png,0
dataset/train/hand/32041.png,0
dataset/train/hand/32042.png,0
dataset/train/hand/32043.png,1.0
dataset/train/hand/32044.png,1.0
dataset/train/hand/32045.png,1.0
dataset/train/hand/32046.png,1.0
dataset/train/hand/32047.png,1.0
dataset/train/hand/32048.png,1.0
dataset/train/hand/32049.png,1.0
dataset/train/hand/32050.png,1.0
dataset/train/hand/32051.png,0
dataset/train/hand/32052.png,0
dataset/train/hand/32053.png,0
dataset/train/hand/32054.png,1.0
dataset/train/hand/32055.png,1.0
dataset/train/hand/32056.png,1.0
dataset/train/hand/32057.png,1.0
dataset/train/hand/32058.png,1.0
dataset/train/hand/32059.png,1.0
dataset/train/hand/32060.png,1.0
dataset/train/hand/32061.png,1.0
dataset/train/hand/32062.png,1.0
dataset/train/hand/32063.png,1.0
dataset/train/hand/32064.png,1.0
dataset/train/hand/32065.png,1.0
dataset/train/hand/32066.png,1.0
dataset/train/hand/32067.png,1.0
dataset/train/hand/32068.png,1.0
dataset/train/hand/32069.png,1.0
dataset/train/hand/32070.png,1.0
dataset/train/hand/32071.png,1.0
dataset/train/hand/32072.png,1.0
dataset/train/hand/32073.png,1.0
dataset/train/hand/32074.png,1.0
dataset/train/hand/32075.png,1.0
dataset/train/hand/32076.png,1.0
dataset/train/hand/32077.png,1.0
dataset/train/hand/32078.png,1.0
dataset/train/hand/32079.png,1.0
dataset/train/hand/32080.png,1.0
dataset/train/hand/32081.png,1.0
dataset/train/hand/32082.png,1.0
dataset/train/hand/32083.png,1.0
dataset/train/hand/32084.png,1.0
dataset/train/hand/32085.png,1.0
dataset/train/hand/32086.png,1.0
dataset/train/hand/32087.png,1.0
dataset/train/hand/32088.png,1.0
dataset/train/hand/32089.png,1.0
dataset/train/hand/32090.png,1.0
dataset/train/hand/32091.png,1.0
dataset/train/hand/32092.png,1.0
dataset/train/hand/32093.png,1.0
dataset/train/hand/32094.png,1.0
dataset/train/hand/32095.png,1.0
dataset/train/hand/32096.png,1.0
dataset/train/hand/32097.png,1.0
dataset/train/hand/32098.png,0
dataset/train/hand/32099.png,0
dataset/train/hand/32100.png,1.0
dataset/train/hand/32101.png,1.0
dataset/train/hand/32102.png,1.0
dataset/train/hand/32103.png,1.0
dataset/train/hand/32104.png,1.0
dataset/train/hand/32105.png,1.0
dataset/train/hand/32106.png,1.0
dataset/train/hand/32107.png,1.0
dataset/train/hand/32108.png,1.0
dataset/train/hand/32109.png,1.0
dataset/train/hand/32110.png,1.0
dataset/train/hand/32111.png,1.0
dataset/train/hand/32112.png,1.0
dataset/train/hand/32113.png,1.0
dataset/train/hand/32114.png,1.0
dataset/train/hand/32115.png,1.0
dataset/train/hand/32116.png,1.0
dataset/train/hand/32117.png,1.0
dataset/train/hand/32118.png,1.0
dataset/train/hand/32119.png,1.0
dataset/train/hand/32120.png,1.0
dataset/train/hand/32121.png,1.0
dataset/train/hand/32122.png,1.0
dataset/train/hand/32123.png,1.0
dataset/train/hand/32124.png,1.0
dataset/train/hand/32125.png,1.0
dataset/train/hand/32126.png,1.0
dataset/train/hand/32127.png,1.0
dataset/train/hand/32128.png,1.0
dataset/train/hand/32129.png,1.0
dataset/train/hand/32130.png,1.0
dataset/train/hand/32131.png,1.0
dataset/train/hand/32132.png,1.0
dataset/train/hand/32133.png,1.0
dataset/train/hand/32134.png,1.0
dataset/train/hand/32135.png,1.0
dataset/train/hand/32136.png,1.0
dataset/train/hand/32137.png,1.0
dataset/train/hand/32138.png,1.0
dataset/train/hand/32139.png,1.0
dataset/train/hand/32140.png,1.0
dataset/train/hand/32141.png,1.0
dataset/train/hand/32142.png,1.0
dataset/train/hand/32143.png,1.0
dataset/train/hand/32144.png,1.0
dataset/train/hand/32145.png,1.0
dataset/train/hand/32146.png,1.0
dataset/train/hand/32147.png,1.0
dataset/train/hand/32148.png,1.0
dataset/train/hand/32149.png,1.0
dataset/train/hand/32150.png,1.0
dataset/train/hand/32151.png,1.0
dataset/train/hand/32152.png,1.0
dataset/train/hand/32153.png,1.0
dataset/train/hand/32154.png,1.0
dataset/train/hand/32155.png,1.0
dataset/train/hand/32156.png,1.0
dataset/train/hand/32157.png,1.0
dataset/train/hand/32158.png,1.0
dataset/train/hand/32159.png,1.0
dataset/train/hand/32160.png,1.0
dataset/train/hand/32161.png,1.0
dataset/train/hand/32162.png,1.0
dataset/train/hand/32163.png,1.0
dataset/train/hand/32164.png,1.0
dataset/train/hand/32165.png,1.0
dataset/train/hand/32166.png,1.0
dataset/train/hand/32167.png,1.0
dataset/train/hand/32168.png,1.0
dataset/train/hand/32169.png,1.0
dataset/train/hand/32170.png,1.0
dataset/train/hand/32171.png,1.0
dataset/train/hand/32172.png,1.0
dataset/train/hand/32173.png,1.0
dataset/train/hand/32174.png,1.0
dataset/train/hand/32175.png,1.0
dataset/train/hand/32176.png,1.0
dataset/train/hand/32177.png,1.0
dataset/train/hand/32178.png,1.0
dataset/train/hand/32179.png,1.0
dataset/train/hand/32180.png,1.0
dataset/train/hand/32181.png,1.0
dataset/train/hand/32182.png,1.0
dataset/train/hand/32183.png,1.0
dataset/train/hand/32184.png,1.0
dataset/train/hand/32185.png,1.0
dataset/train/hand/32186.png,1.0
dataset/train/hand/32187.png,1.0
dataset/train/hand/32188.png,1.0
dataset/train/hand/32189.png,1.0
dataset/train/hand/32190.png,1.0
dataset/train/hand/32191.png,1.0
dataset/train/hand/32192.png,1.0
dataset/train/hand/32193.png,1.0
dataset/train/hand/32194.png,1.0
dataset/train/hand/32195.png,1.0
dataset/train/hand/32196.png,1.0
dataset/train/hand/32197.png,1.0
dataset/train/hand/32198.png,1.0
dataset/train/hand/32199.png,1.0
dataset/train/hand/32200.png,1.0
dataset/train/hand/32201.png,1.0
dataset/train/hand/32202.png,1.0
dataset/train/hand/32203.png,1.0
dataset/train/hand/32204.png,1.0
dataset/train/hand/32205.png,1.0
dataset/train/hand/32206.png,1.0
dataset/train/hand/32207.png,1.0
dataset/train/hand/32208.png,1.0
dataset/train/hand/32209.png,1.0
dataset/train/hand/32210.png,1.0
dataset/train/hand/32211.png,1.0
dataset/train/hand/32212.png,1.0
dataset/train/hand/32213.png,1.0
dataset/train/hand/32214.png,1.0
dataset/train/hand/32215.png,1.0
dataset/train/hand/32216.png,1.0
dataset/train/hand/32217.png,1.0
dataset/train/hand/32218.png,1.0
dataset/train/hand/32219.png,1.0
dataset/train/hand/32220.png,1.0
dataset/train/hand/32221.png,1.0
dataset/train/hand/32222.png,1.0
dataset/train/hand/32223.png,1.0
dataset/train/hand/32224.png,1.0
dataset/train/hand/32225.png,1.0
dataset/train/hand/32226.png,1.0
dataset/train/hand/32227.png,1.0
dataset/train/hand/32228.png,1.0
dataset/train/hand/32229.png,1.0
dataset/train/hand/32230.png,1.0
dataset/train/hand/32231.png,1.0
dataset/train/hand/32232.png,1.0
dataset/train/hand/32233.png,1.0
dataset/train/hand/32234.png,1.0
dataset/train/hand/32235.png,1.0
dataset/train/hand/32236.png,1.0
dataset/train/hand/32237.png,1.0
dataset/train/hand/32238.png,1.0
dataset/train/hand/32239.png,1.0
dataset/train/hand/32240.png,1.0
dataset/train/hand/32241.png,1.0
dataset/train/hand/32242.png,1.0
dataset/train/hand/32246.png,0
dataset/train/hand/32247.png,0
dataset/train/hand/32248.png,0
dataset/train/hand/32249.png,0
dataset/train/hand/32250.png,1.0
dataset/train/hand/32251.png,1.0
dataset/train/hand/32252.png,1.0
dataset/train/hand/32254.png,1.0
dataset/train/hand/32255.png,1.0
dataset/train/hand/32256.png,1.0
dataset/train/hand/32257.png,1.0
dataset/train/hand/32258.png,1.0
dataset/train/hand/32259.png,1.0
dataset/train/hand/32260.png,1.0
dataset/train/hand/32261.png,1.0
dataset/train/hand/32262.png,1.0
dataset/train/hand/32263.png,0
dataset/train/hand/32264.png,0
dataset/train/hand/32265.png,0
dataset/train/hand/32266.png,0
dataset/train/hand/32267.png,0
dataset/train/hand/32268.png,1.0
dataset/train/hand/32269.png,1.0
dataset/train/hand/32270.png,1.0
dataset/train/hand/32271.png,1.0
dataset/train/hand/32272.png,1.0
dataset/train/hand/32273.png,1.0
dataset/train/hand/32274.png,1.0
dataset/train/hand/32275.png,1.0
dataset/train/hand/32276.png,1.0
dataset/train/hand/32277.png,1.0
dataset/train/hand/32278.png,1.0
dataset/train/hand/32279.png,1.0
dataset/train/hand/32280.png,1.0
dataset/train/hand/32281.png,1.0
dataset/train/hand/32282.png,1.0
dataset/train/hand/32283.png,1.0
dataset/train/hand/32284.png,1.0
dataset/train/hand/32285.png,1.0
dataset/train/hand/32286.png,1.0
dataset/train/hand/32287.png,1.0
dataset/train/hand/32288.png,1.0
dataset/train/hand/32289.png,1.0
dataset/train/hand/32290.png,1.0
dataset/train/hand/32291.png,1.0
dataset/train/hand/32292.png,1.0
dataset/train/hand/32293.png,1.0
dataset/train/hand/32294.png,1.0
dataset/train/hand/32295.png,1.0
dataset/train/hand/32296.png,1.0
dataset/train/hand/32297.png,1.0
dataset/train/hand/32298.png,1.0
dataset/train/hand/32299.png,1.0
dataset/train/hand/32300.png,1.0
dataset/train/hand/32301.png,1.0
dataset/train/hand/32302.png,1.0
dataset/train/hand/32303.png,1.0
dataset/train/hand/32304.png,1.0
dataset/train/hand/32305.png,1.0
dataset/train/hand/32306.png,1.0
dataset/train/hand/32307.png,0
dataset/train/hand/32308.png,0
dataset/train/hand/32309.png,0
dataset/train/hand/32310.png,1.0
dataset/train/hand/32311.png,1.0
dataset/train/hand/32312.png,1.0
dataset/train/hand/32313.png,1.0
dataset/train/hand/32314.png,1.0
dataset/train/hand/32315.png,1.0
dataset/train/hand/32316.png,0
dataset/train/hand/32317.png,0
dataset/train/hand/32318.png,0
dataset/train/hand/32319.png,1.0
dataset/train/hand/32320.png,1.0
dataset/train/hand/32321.png,1.0
dataset/train/hand/32322.png,1.0
dataset/train/hand/32323.png,1.0
dataset/train/hand/32324.png,1.0
dataset/train/hand/32325.png,1.0
dataset/train/hand/32326.png,1.0
dataset/train/hand/32327.png,1.0
dataset/train/hand/32328.png,1.0
dataset/train/hand/32329.png,1.0
dataset/train/hand/32330.png,1.0
dataset/train/hand/32331.png,1.0
dataset/train/hand/32332.png,1.0
dataset/train/hand/32333.png,1.0
dataset/train/hand/32334.png,1.0
dataset/train/hand/32335.png,1.0
dataset/train/hand/32336.png,1.0
dataset/train/hand/32337.png,1.0
dataset/train/hand/32338.png,1.0
dataset/train/hand/32339.png,1.0
dataset/train/hand/32340.png,1.0
dataset/train/hand/32341.png,1.0
dataset/train/hand/32342.png,1.0
dataset/train/hand/32343.png,1.0
dataset/train/hand/32344.png,1.0
dataset/train/hand/32345.png,1.0
dataset/train/hand/32346.png,1.0
dataset/train/hand/32347.png,1.0
dataset/train/hand/32348.png,1.0
dataset/train/hand/32349.png,1.0
dataset/train/hand/32350.png,1.0
dataset/train/hand/32351.png,1.0
dataset/train/hand/32352.png,1.0
dataset/train/hand/32353.png,1.0
dataset/train/hand/32354.png,1.0
dataset/train/hand/32355.png,1.0
dataset/train/hand/32356.png,1.0
dataset/train/hand/32357.png,1.0
dataset/train/hand/32358.png,1.0
dataset/train/hand/32359.png,1.0
dataset/train/hand/32360.png,1.0
dataset/train/hand/32361.png,1.0
dataset/train/hand/32362.png,1.0
dataset/train/hand/32363.png,1.0
dataset/train/hand/32364.png,1.0
dataset/train/hand/32365.png,1.0
dataset/train/hand/32366.png,1.0
dataset/train/hand/32367.png,1.0
dataset/train/hand/32368.png,1.0
dataset/train/hand/32369.png,1.0
dataset/train/hand/32370.png,1.0
dataset/train/hand/32371.png,1.0
dataset/train/hand/32372.png,1.0
dataset/train/hand/32373.png,1.0
dataset/train/hand/32374.png,1.0
dataset/train/hand/32375.png,1.0
dataset/train/hand/32376.png,1.0
dataset/train/hand/32377.png,1.0
dataset/train/hand/32378.png,1.0
dataset/train/hand/32379.png,1.0
dataset/train/hand/32380.png,1.0
dataset/train/hand/32381.png,1.0
dataset/train/hand/32382.png,1.0
dataset/train/hand/32383.png,1.0
dataset/train/hand/32384.png,1.0
dataset/train/hand/32385.png,1.0
dataset/train/hand/32386.png,1.0
dataset/train/hand/32387.png,1.0
dataset/train/hand/32388.png,1.0
dataset/train/hand/32389.png,1.0
dataset/train/hand/32390.png,1.0
dataset/train/hand/32391.png,1.0
dataset/train/hand/32392.png,1.0
dataset/train/hand/32393.png,1.0
dataset/train/hand/32394.png,1.0
dataset/train/hand/32395.png,0
dataset/train/hand/32396.png,0
dataset/train/hand/32397.png,0
dataset/train/hand/32398.png,1.0
dataset/train/hand/32399.png,1.0
dataset/train/hand/32400.png,1.0
dataset/train/hand/32401.png,1.0
dataset/train/hand/32402.png,1.0
dataset/train/hand/32403.png,1.0
dataset/train/hand/32404.png,1.0
dataset/train/hand/32405.png,1.0
dataset/train/hand/32406.png,0
dataset/train/hand/32407.png,0
dataset/train/hand/32408.png,0
dataset/train/hand/32409.png,1.0
dataset/train/hand/32410.png,1.0
dataset/train/hand/32411.png,1.0
dataset/train/hand/32412.png,1.0
dataset/train/hand/32413.png,1.0
dataset/train/hand/32414.png,1.0
dataset/train/hand/32415.png,1.0
dataset/train/hand/32416.png,1.0
dataset/train/hand/32417.png,1.0
dataset/train/hand/32418.png,1.0
dataset/train/hand/32419.png,1.0
dataset/train/hand/32420.png,1.0
dataset/train/hand/32421.png,1.0
dataset/train/hand/32422.png,1.0
dataset/train/hand/32423.png,1.0
dataset/train/hand/32424.png,1.0
dataset/train/hand/32425.png,1.0
dataset/train/hand/32426.png,1.0
dataset/train/hand/32427.png,1.0
dataset/train/hand/32428.png,1.0
dataset/train/hand/32429.png,1.0
dataset/train/hand/32430.png,1.0
dataset/train/hand/32431.png,1.0
dataset/train/hand/32432.png,1.0
dataset/train/hand/32433.png,1.0
dataset/train/hand/32434.png,1.0
dataset/train/hand/32435.png,1.0
dataset/train/hand/32436.png,1.0
dataset/train/hand/32437.png,1.0
dataset/train/hand/32438.png,1.0
dataset/train/hand/32439.png,1.0
dataset/train/hand/32440.png,1.0
dataset/train/hand/32441.png,1.0
dataset/train/hand/32442.png,1.0
dataset/train/hand/32443.png,1.0
dataset/train/hand/32444.png,1.0
dataset/train/hand/32445.png,1.0
dataset/train/hand/32446.png,1.0
dataset/train/hand/32447.png,1.0
dataset/train/hand/32448.png,1.0
dataset/train/hand/32449.png,1.0
dataset/train/hand/32450.png,1.0
dataset/train/hand/32451.png,1.0
dataset/train/hand/32452.png,1.0
dataset/train/hand/32453.png,1.0
dataset/train/hand/32454.png,1.0
dataset/train/hand/32455.png,1.0
dataset/train/hand/32456.png,1.0
dataset/train/hand/32457.png,1.0
dataset/train/hand/32458.png,1.0
dataset/train/hand/32459.png,1.0
dataset/train/hand/32460.png,1.0
dataset/train/hand/32461.png,1.0
dataset/train/hand/32462.png,1.0
dataset/train/hand/32463.png,1.0
dataset/train/hand/32464.png,1.0
dataset/train/hand/32465.png,1.0
dataset/train/hand/32466.png,1.0
dataset/train/hand/32467.png,1.0
dataset/train/hand/32468.png,1.0
dataset/train/hand/32469.png,1.0
dataset/train/hand/32470.png,1.0
dataset/train/hand/32471.png,1.0
dataset/train/hand/32472.png,1.0
dataset/train/hand/32473.png,1.0
dataset/train/hand/32474.png,1.0
dataset/train/hand/32475.png,1.0
dataset/train/hand/32476.png,1.0
dataset/train/hand/32477.png,1.0
dataset/train/hand/32478.png,1.0
dataset/train/hand/32479.png,1.0
dataset/train/hand/32480.png,1.0
dataset/train/hand/32481.png,1.0
dataset/train/hand/32482.png,1.0
dataset/train/hand/32483.png,1.0
dataset/train/hand/32484.png,1.0
dataset/train/hand/32485.png,1.0
dataset/train/hand/32486.png,1.0
dataset/train/hand/32487.png,1.0
dataset/train/hand/32488.png,1.0
dataset/train/hand/32489.png,1.0
dataset/train/hand/32490.png,1.0
dataset/train/hand/32491.png,1.0
dataset/train/hand/32492.png,1.0
dataset/train/hand/32493.png,1.0
dataset/train/hand/32494.png,1.0
dataset/train/hand/32495.png,1.0
dataset/train/hand/32496.png,1.0
dataset/train/hand/32497.png,1.0
dataset/train/hand/32498.png,1.0
dataset/train/hand/32499.png,1.0
dataset/train/hand/32500.png,1.0
dataset/train/hand/32501.png,0
dataset/train/hand/32502.png,0
dataset/train/hand/32503.png,0
dataset/train/hand/32504.png,1.0
dataset/train/hand/32505.png,1.0
dataset/train/hand/32506.png,1.0
dataset/train/hand/32507.png,1.0
dataset/train/hand/32508.png,1.0
dataset/train/hand/32509.png,1.0
dataset/train/hand/32510.png,1.0
dataset/train/hand/32511.png,1.0
dataset/train/hand/32512.png,1.0
dataset/train/hand/32513.png,1.0
dataset/train/hand/32514.png,1.0
dataset/train/hand/32515.png,1.0
dataset/train/hand/32516.png,1.0
dataset/train/hand/32517.png,1.0
dataset/train/hand/32518.png,1.0
dataset/train/hand/32519.png,1.0
dataset/train/hand/32520.png,1.0
dataset/train/hand/32521.png,1.0
dataset/train/hand/32522.png,1.0
dataset/train/hand/32523.png,1.0
dataset/train/hand/32524.png,1.0
dataset/train/hand/32525.png,1.0
dataset/train/hand/32526.png,1.0
dataset/train/hand/32527.png,1.0
dataset/train/hand/32528.png,0
dataset/train/hand/32529.png,0
dataset/train/hand/32530.png,0
dataset/train/hand/32531.png,1.0
dataset/train/hand/32532.png,1.0
dataset/train/hand/32533.png,1.0
dataset/train/hand/32534.png,1.0
dataset/train/hand/32535.png,1.0
dataset/train/hand/32536.png,1.0
dataset/train/hand/32537.png,1.0
dataset/train/hand/32538.png,1.0
dataset/train/hand/32539.png,1.0
dataset/train/hand/32540.png,1.0
dataset/train/hand/32541.png,1.0
dataset/train/hand/32542.png,1.0
dataset/train/hand/32543.png,1.0
dataset/train/hand/32544.png,1.0
dataset/train/hand/32545.png,1.0
dataset/train/hand/32546.png,1.0
dataset/train/hand/32547.png,1.0
dataset/train/hand/32548.png,1.0
dataset/train/hand/32549.png,1.0
dataset/train/hand/32550.png,1.0
dataset/train/hand/32551.png,1.0
dataset/train/hand/32552.png,0
dataset/train/hand/32553.png,0
dataset/train/hand/32554.png,0
dataset/train/hand/32555.png,1.0
dataset/train/hand/32556.png,1.0
dataset/train/hand/32557.png,1.0
dataset/train/hand/32558.png,1.0
dataset/train/hand/32559.png,1.0
dataset/train/hand/32560.png,1.0
dataset/train/hand/32561.png,1.0
dataset/train/hand/32562.png,1.0
dataset/train/hand/32563.png,1.0
dataset/train/hand/32564.png,1.0
dataset/train/hand/32565.png,1.0
dataset/train/hand/32566.png,1.0
dataset/train/hand/32567.png,1.0
dataset/train/hand/32568.png,1.0
dataset/train/hand/32569.png,1.0
dataset/train/hand/32570.png,1.0
dataset/train/hand/32571.png,1.0
dataset/train/hand/32573.png,1.0
dataset/train/hand/32574.png,1.0
dataset/train/hand/32575.png,1.0
dataset/train/hand/32576.png,1.0
dataset/train/hand/32577.png,1.0
dataset/train/hand/32578.png,1.0
dataset/train/hand/32579.png,1.0
dataset/train/hand/32580.png,1.0
dataset/train/hand/32581.png,1.0
dataset/train/hand/32582.png,1.0
dataset/train/hand/32583.png,1.0
dataset/train/hand/32584.png,1.0
dataset/train/hand/32585.png,1.0
dataset/train/hand/32586.png,1.0
dataset/train/hand/32587.png,1.0
dataset/train/hand/32588.png,1.0
dataset/train/hand/32589.png,1.0
dataset/train/hand/32590.png,1.0
dataset/train/hand/32591.png,1.0
dataset/train/hand/32592.png,1.0
dataset/train/hand/32593.png,1.0
dataset/train/hand/32594.png,1.0
dataset/train/hand/32596.png,1.0
dataset/train/hand/32597.png,1.0
dataset/train/hand/32598.png,1.0
dataset/train/hand/32599.png,1.0
dataset/train/hand/32600.png,1.0
dataset/train/hand/32601.png,1.0
dataset/train/hand/32602.png,1.0
dataset/train/hand/32603.png,1.0
dataset/train/hand/32604.png,1.0
dataset/train/hand/32605.png,1.0
dataset/train/hand/32606.png,1.0
dataset/train/hand/32607.png,1.0
dataset/train/hand/32608.png,1.0
dataset/train/hand/32609.png,1.0
dataset/train/hand/32610.png,1.0
dataset/train/hand/32611.png,1.0
dataset/train/hand/32612.png,1.0
dataset/train/hand/32613.png,1.0
dataset/train/hand/32614.png,1.0
dataset/train/hand/32615.png,1.0
dataset/train/hand/32616.png,1.0
dataset/train/hand/32617.png,1.0
dataset/train/hand/32618.png,1.0
dataset/train/hand/32619.png,1.0
dataset/train/hand/32620.png,1.0
dataset/train/hand/32621.png,1.0
dataset/train/hand/32622.png,1.0
dataset/train/hand/32623.png,1.0
dataset/train/hand/32624.png,1.0
dataset/train/hand/32625.png,1.0
dataset/train/hand/32626.png,1.0
dataset/train/hand/32627.png,1.0
dataset/train/hand/32628.png,1.0
dataset/train/hand/32629.png,1.0
dataset/train/hand/32630.png,1.0
dataset/train/hand/32632.png,1.0
dataset/train/hand/32633.png,1.0
dataset/train/hand/32634.png,1.0
dataset/train/hand/32635.png,1.0
dataset/train/hand/32636.png,1.0
dataset/train/hand/32637.png,1.0
dataset/train/hand/32638.png,1.0
dataset/train/hand/32639.png,1.0
dataset/train/hand/32640.png,1.0
dataset/train/hand/32641.png,1.0
dataset/train/hand/32642.png,1.0
dataset/train/hand/32643.png,1.0
dataset/train/hand/32644.png,1.0
dataset/train/hand/32645.png,1.0
dataset/train/hand/32646.png,1.0
dataset/train/hand/32647.png,1.0
dataset/train/hand/32648.png,1.0
dataset/train/hand/32649.png,1.0
dataset/train/hand/32650.png,1.0
dataset/train/hand/32651.png,1.0
dataset/train/hand/32652.png,1.0
dataset/train/hand/32653.png,1.0
dataset/train/hand/32654.png,1.0
dataset/train/hand/32655.png,1.0
dataset/train/hand/32656.png,1.0
dataset/train/hand/32657.png,1.0
dataset/train/hand/32658.png,1.0
dataset/train/hand/32659.png,1.0
dataset/train/hand/32660.png,1.0
dataset/train/hand/32661.png,1.0
dataset/train/hand/32662.png,1.0
dataset/train/hand/32663.png,1.0
dataset/train/hand/32664.png,1.0
dataset/train/hand/32665.png,1.0
dataset/train/hand/32666.png,1.0
dataset/train/hand/32667.png,1.0
dataset/train/hand/32668.png,1.0
dataset/train/hand/32669.png,1.0
dataset/train/hand/32670.png,1.0
dataset/train/hand/32671.png,1.0
dataset/train/hand/32672.png,1.0
dataset/train/hand/32673.png,1.0
dataset/train/hand/32674.png,1.0
dataset/train/hand/32675.png,1.0
dataset/train/hand/32676.png,1.0
dataset/train/hand/32677.png,1.0
dataset/train/hand/32678.png,1.0
dataset/train/hand/32679.png,1.0
dataset/train/hand/32680.png,1.0
dataset/train/hand/32681.png,1.0
dataset/train/hand/32682.png,1.0
dataset/train/hand/32683.png,1.0
dataset/train/hand/32684.png,1.0
dataset/train/hand/32685.png,1.0
dataset/train/hand/32686.png,1.0
dataset/train/hand/32687.png,1.0
dataset/train/hand/32688.png,1.0
dataset/train/hand/32689.png,1.0
dataset/train/hand/32690.png,1.0
dataset/train/hand/32691.png,1.0
dataset/train/hand/32692.png,1.0
dataset/train/hand/32693.png,1.0
dataset/train/hand/32694.png,1.0
dataset/train/hand/32695.png,1.0
dataset/train/hand/32696.png,1.0
dataset/train/hand/32697.png,1.0
dataset/train/hand/32698.png,1.0
dataset/train/hand/32699.png,1.0
dataset/train/hand/32700.png,1.0
dataset/train/hand/32701.png,1.0
dataset/train/hand/32702.png,1.0
dataset/train/hand/32703.png,1.0
dataset/train/hand/32704.png,1.0
dataset/train/hand/32705.png,1.0
dataset/train/hand/32706.png,1.0
dataset/train/hand/32707.png,1.0
dataset/train/hand/32708.png,1.0
dataset/train/hand/32709.png,1.0
dataset/train/hand/32710.png,1.0
dataset/train/hand/32711.png,1.0
dataset/train/hand/32712.png,1.0
dataset/train/hand/32713.png,1.0
dataset/train/hand/32714.png,1.0
dataset/train/hand/32715.png,1.0
dataset/train/hand/32716.png,1.0
dataset/train/hand/32717.png,1.0
dataset/train/hand/32718.png,1.0
dataset/train/hand/32719.png,1.0
dataset/train/hand/32720.png,1.0
dataset/train/hand/32721.png,1.0
dataset/train/hand/32722.png,1.0
dataset/train/hand/32723.png,1.0
dataset/train/hand/32724.png,1.0
dataset/train/hand/32725.png,1.0
dataset/train/hand/32726.png,1.0
dataset/train/hand/32727.png,1.0
dataset/train/hand/32728.png,1.0
dataset/train/hand/32729.png,1.0
dataset/train/hand/32730.png,1.0
dataset/train/hand/32731.png,1.0
dataset/train/hand/32732.png,1.0
dataset/train/hand/32733.png,1.0
dataset/train/hand/32734.png,1.0
dataset/train/hand/32735.png,1.0
dataset/train/hand/32738.png,1.0
dataset/train/hand/32739.png,1.0
dataset/train/hand/32740.png,1.0
dataset/train/hand/32741.png,1.0
dataset/train/hand/32742.png,1.0
dataset/train/hand/32743.png,1.0
dataset/train/hand/32744.png,1.0
dataset/train/hand/32745.png,1.0
dataset/train/hand/32746.png,1.0
dataset/train/hand/32747.png,1.0
dataset/train/hand/32748.png,1.0
dataset/train/hand/32749.png,1.0
dataset/train/hand/32750.png,1.0
dataset/train/hand/32751.png,1.0
dataset/train/hand/32752.png,1.0
dataset/train/hand/32753.png,1.0
dataset/train/hand/32754.png,1.0
dataset/train/hand/32755.png,1.0
dataset/train/hand/32756.png,0
dataset/train/hand/32757.png,0
dataset/train/hand/32758.png,0
dataset/train/hand/32759.png,1.0
dataset/train/hand/32760.png,1.0
dataset/train/hand/32761.png,1.0
dataset/train/hand/32762.png,1.0
dataset/train/hand/32763.png,1.0
dataset/train/hand/32764.png,1.0
dataset/train/hand/32765.png,1.0
dataset/train/hand/32766.png,1.0
dataset/train/hand/32767.png,1.0
dataset/train/hand/32768.png,1.0
dataset/train/hand/32769.png,1.0
dataset/train/hand/32770.png,1.0
dataset/train/hand/32771.png,1.0
dataset/train/hand/32772.png,1.0
dataset/train/hand/32773.png,1.0
dataset/train/hand/32774.png,1.0
dataset/train/hand/32775.png,1.0
dataset/train/hand/32776.png,1.0
dataset/train/hand/32777.png,1.0
dataset/train/hand/32778.png,1.0
dataset/train/hand/32779.png,1.0
dataset/train/hand/32780.png,1.0
dataset/train/hand/32781.png,1.0
dataset/train/hand/32782.png,1.0
dataset/train/hand/32783.png,1.0
dataset/train/hand/32784.png,1.0
dataset/train/hand/32785.png,1.0
dataset/train/hand/32786.png,1.0
dataset/train/hand/32787.png,1.0
dataset/train/hand/32788.png,1.0
dataset/train/hand/32789.png,1.0
dataset/train/hand/32790.png,1.0
dataset/train/hand/32791.png,1.0
dataset/train/hand/32792.png,1.0
dataset/train/hand/32793.png,0
dataset/train/hand/32794.png,0
dataset/train/hand/32795.png,0
dataset/train/hand/32796.png,1.0
dataset/train/hand/32797.png,1.0
dataset/train/hand/32798.png,1.0
dataset/train/hand/32799.png,1.0
dataset/train/hand/32800.png,1.0
dataset/train/hand/32801.png,1.0
dataset/train/hand/32802.png,1.0
dataset/train/hand/32803.png,1.0
dataset/train/hand/32804.png,1.0
dataset/train/hand/32805.png,1.0
dataset/train/hand/32806.png,1.0
dataset/train/hand/32807.png,1.0
dataset/train/hand/32808.png,1.0
dataset/train/hand/32809.png,1.0
dataset/train/hand/32810.png,1.0
dataset/train/hand/32811.png,1.0
dataset/train/hand/32812.png,1.0
dataset/train/hand/32813.png,1.0
dataset/train/hand/32814.png,1.0
dataset/train/hand/32815.png,0
dataset/train/hand/32816.png,0
dataset/train/hand/32817.png,1.0
dataset/train/hand/32818.png,1.0
dataset/train/hand/32819.png,1.0
dataset/train/hand/32820.png,1.0
dataset/train/hand/32821.png,1.0
dataset/train/hand/32822.png,1.0
dataset/train/hand/32823.png,1.0
dataset/train/hand/32824.png,1.0
dataset/train/hand/32825.png,1.0
dataset/train/hand/32826.png,1.0
dataset/train/hand/32827.png,1.0
dataset/train/hand/32828.png,1.0
dataset/train/hand/32829.png,0
dataset/train/hand/32830.png,0
dataset/train/hand/32831.png,0
dataset/train/hand/32832.png,0
dataset/train/hand/32833.png,0
dataset/train/hand/32834.png,0
dataset/train/hand/32835.png,0
dataset/train/hand/32836.png,0
dataset/train/hand/32837.png,0
dataset/train/hand/32838.png,0
dataset/train/hand/32839.png,0
dataset/train/hand/32840.png,0
dataset/train/hand/32841.png,0
dataset/train/hand/32842.png,0
dataset/train/hand/32843.png,0
dataset/train/hand/32844.png,0
dataset/train/hand/32845.png,0
dataset/train/hand/32846.png,0
dataset/train/hand/32847.png,0
dataset/train/hand/32848.png,0
dataset/train/hand/32849.png,0
dataset/train/hand/32850.png,0
dataset/train/hand/32851.png,0
dataset/train/hand/32852.png,0
dataset/train/hand/32853.png,0
dataset/train/hand/32854.png,0
dataset/train/hand/32855.png,0
dataset/train/hand/32856.png,0
dataset/train/hand/32857.png,0
dataset/train/hand/32858.png,0
dataset/train/hand/32859.png,0
dataset/train/hand/32860.png,0
dataset/train/hand/32861.png,0
dataset/train/hand/32862.png,0
dataset/train/hand/32863.png,0
dataset/train/hand/32864.png,0
dataset/train/hand/32865.png,0
dataset/train/hand/32866.png,0
dataset/train/hand/32867.png,0
dataset/train/hand/32868.png,0
dataset/train/hand/32869.png,0
dataset/train/hand/32870.png,0
dataset/train/hand/32871.png,0
dataset/train/hand/32872.png,0
dataset/train/hand/32873.png,0
dataset/train/hand/32874.png,0
dataset/train/hand/32875.png,0
dataset/train/hand/32876.png,0
dataset/train/hand/32877.png,0
dataset/train/hand/32878.png,0
dataset/train/hand/32879.png,0
dataset/train/hand/32880.png,0
dataset/train/hand/32881.png,0
dataset/train/hand/32882.png,0
dataset/train/hand/32883.png,0
dataset/train/hand/32884.png,0
dataset/train/hand/32885.png,0
dataset/train/hand/32886.png,0
dataset/train/hand/32887.png,0
dataset/train/hand/32888.png,0
dataset/train/hand/32889.png,0
dataset/train/hand/32890.png,0
dataset/train/hand/32891.png,0
dataset/train/hand/32892.png,0
dataset/train/hand/32893.png,0
dataset/train/hand/32894.png,0
dataset/train/hand/32895.png,0
dataset/train/hand/32896.png,0
dataset/train/hand/32897.png,0
dataset/train/hand/32898.png,0
dataset/train/hand/32902.png,0
dataset/train/hand/32903.png,0
dataset/train/hand/32904.png,0
dataset/train/hand/32905.png,0
dataset/train/hand/32906.png,0
dataset/train/hand/32907.png,0
dataset/train/hand/32908.png,0
dataset/train/hand/32909.png,0
dataset/train/hand/32910.png,0
dataset/train/hand/32911.png,0
dataset/train/hand/32912.png,0
dataset/train/hand/32913.png,0
dataset/train/hand/32916.png,0
dataset/train/hand/32917.png,0
dataset/train/hand/32918.png,0
dataset/train/hand/32919.png,0
dataset/train/hand/32920.png,0
dataset/train/hand/32921.png,0
dataset/train/hand/32922.png,0
dataset/train/hand/32923.png,0
dataset/train/hand/32924.png,0
dataset/train/hand/32925.png,0
dataset/train/hand/32926.png,0
dataset/train/hand/32927.png,0
dataset/train/hand/32928.png,0
dataset/train/hand/32929.png,0
dataset/train/hand/32930.png,0
dataset/train/hand/32931.png,0
dataset/train/hand/32932.png,0
dataset/train/hand/32933.png,0
dataset/train/hand/32934.png,0
dataset/train/hand/32935.png,0
dataset/train/hand/32936.png,0
dataset/train/hand/32937.png,0
dataset/train/hand/32938.png,0
dataset/train/hand/32939.png,0
dataset/train/hand/32940.png,0
dataset/train/hand/32941.png,0
dataset/train/hand/32942.png,0
dataset/train/hand/32943.png,0
dataset/train/hand/32944.png,0
dataset/train/hand/32945.png,0
dataset/train/hand/32946.png,0
dataset/train/hand/32947.png,0
dataset/train/hand/32948.png,0
dataset/train/hand/32950.png,0
dataset/train/hand/32951.png,0
dataset/train/hand/32952.png,0
dataset/train/hand/32956.png,0
dataset/train/hand/32957.png,0
dataset/train/hand/32958.png,0
dataset/train/hand/32959.png,0
dataset/train/hand/32960.png,0
dataset/train/hand/32961.png,0
dataset/train/hand/32962.png,0
dataset/train/hand/32963.png,0
dataset/train/hand/32964.png,0
dataset/train/hand/32965.png,0
dataset/train/hand/32966.png,0
dataset/train/hand/32969.png,0
dataset/train/hand/32970.png,0
dataset/train/hand/32971.png,0
dataset/train/hand/32972.png,0
dataset/train/hand/32976.png,0
dataset/train/hand/32977.png,0
dataset/train/hand/32978.png,0
dataset/train/hand/32979.png,0
dataset/train/hand/32980.png,0
dataset/train/hand/32981.png,0
dataset/train/hand/32982.png,0
dataset/train/hand/32983.png,0
dataset/train/hand/32984.png,0
dataset/train/hand/32985.png,0
dataset/train/hand/32986.png,0
dataset/train/hand/32988.png,0
dataset/train/hand/32989.png,0
dataset/train/hand/32990.png,0
dataset/train/hand/32992.png,0
dataset/train/hand/32993.png,0
dataset/train/hand/32994.png,0
dataset/train/hand/32995.png,0
dataset/train/hand/32996.png,0
dataset/train/hand/32997.png,0
dataset/train/hand/32999.png,0
dataset/train/hand/33000.png,0
dataset/train/hand/33001.png,0
dataset/train/hand/33002.png,0
dataset/train/hand/33003.png,0
dataset/train/hand/33004.png,0
dataset/train/hand/33005.png,0
dataset/train/hand/33006.png,0
dataset/train/hand/33007.png,0
dataset/train/hand/33008.png,0
dataset/train/hand/33009.png,0
dataset/train/hand/33010.png,0
dataset/train/hand/33011.png,0
dataset/train/hand/33012.png,0
dataset/train/hand/33013.png,0
dataset/train/hand/33014.png,0
dataset/train/hand/33015.png,0
dataset/train/hand/33016.png,0
dataset/train/hand/33017.png,0
dataset/train/hand/33018.png,0
dataset/train/hand/33019.png,0
dataset/train/hand/33020.png,0
dataset/train/hand/33021.png,0
dataset/train/hand/33022.png,0
dataset/train/hand/33023.png,0
dataset/train/hand/33024.png,0
dataset/train/hand/33025.png,0
dataset/train/hand/33026.png,0
dataset/train/hand/33027.png,0
dataset/train/hand/33028.png,0
dataset/train/hand/33029.png,0
dataset/train/hand/33030.png,0
dataset/train/hand/33031.png,0
dataset/train/hand/33032.png,0
dataset/train/hand/33033.png,0
dataset/train/hand/33034.png,0
dataset/train/hand/33035.png,0
dataset/train/hand/33036.png,0
dataset/train/hand/33037.png,0
dataset/train/hand/33038.png,0
dataset/train/hand/33039.png,0
dataset/train/hand/33040.png,0
dataset/train/hand/33041.png,0
dataset/train/hand/33042.png,0
dataset/train/hand/33043.png,0
dataset/train/hand/33044.png,0
dataset/train/hand/33045.png,0
dataset/train/hand/33046.png,0
dataset/train/hand/33047.png,0
dataset/train/hand/33048.png,0
dataset/train/hand/33049.png,0
dataset/train/hand/33050.png,0
dataset/train/hand/33051.png,0
dataset/train/hand/33052.png,0
dataset/train/hand/33053.png,0
dataset/train/hand/33054.png,0
dataset/train/hand/33055.png,0
dataset/train/hand/33056.png,0
dataset/train/hand/33057.png,0
dataset/train/hand/33058.png,0
dataset/train/hand/33059.png,0
dataset/train/hand/33060.png,0
dataset/train/hand/33061.png,0
dataset/train/hand/33062.png,0
dataset/train/hand/33063.png,0
dataset/train/hand/33064.png,0
dataset/train/hand/33065.png,0
dataset/train/hand/33066.png,0
dataset/train/hand/33073.png,0
dataset/train/hand/33074.png,0
dataset/train/hand/33075.png,0
dataset/train/hand/33076.png,0
dataset/train/hand/33077.png,0
dataset/train/hand/33078.png,0
dataset/train/hand/33079.png,0
dataset/train/hand/33080.png,0
dataset/train/hand/33081.png,0
dataset/train/hand/33085.png,0
dataset/train/hand/33091.png,0
dataset/train/hand/33092.png,0
dataset/train/hand/33093.png,0
dataset/train/hand/33094.png,0
dataset/train/hand/33095.png,0
dataset/train/hand/33096.png,0
dataset/train/hand/33097.png,0
dataset/train/hand/33098.png,0
dataset/train/hand/33099.png,0
dataset/train/hand/33100.png,0
dataset/train/hand/33101.png,0
dataset/train/hand/33102.png,0
dataset/train/hand/33103.png,0
dataset/train/hand/33104.png,0
dataset/train/hand/33105.png,0
dataset/train/hand/33106.png,0
dataset/train/hand/33107.png,0
dataset/train/hand/33108.png,0
dataset/train/hand/33109.png,0
dataset/train/hand/33110.png,0
dataset/train/hand/33111.png,0
dataset/train/hand/33112.png,0
dataset/train/hand/33113.png,0
dataset/train/hand/33114.png,0
dataset/train/hand/33115.png,0
dataset/train/hand/33116.png,0
dataset/train/hand/33117.png,0
dataset/train/hand/33118.png,0
dataset/train/hand/33119.png,0
dataset/train/hand/33120.png,0
dataset/train/hand/33121.png,0
dataset/train/hand/33122.png,0
dataset/train/hand/33123.png,0
dataset/train/hand/33124.png,0
dataset/train/hand/33125.png,0
dataset/train/hand/33126.png,0
dataset/train/hand/33127.png,0
dataset/train/hand/33128.png,0
dataset/train/hand/33129.png,0
dataset/train/hand/33130.png,0
dataset/train/hand/33131.png,0
dataset/train/hand/33132.png,0
dataset/train/hand/33133.png,0
dataset/train/hand/33134.png,0
dataset/train/hand/33135.png,0
dataset/train/hand/33136.png,0
dataset/train/hand/33137.png,0
dataset/train/hand/33138.png,0
dataset/train/hand/33139.png,0
dataset/train/hand/33140.png,0
dataset/train/hand/33141.png,0
dataset/train/hand/33142.png,0
dataset/train/hand/33143.png,0
dataset/train/hand/33144.png,0
dataset/train/hand/33145.png,0
dataset/train/hand/33146.png,0
dataset/train/hand/33147.png,0
dataset/train/hand/33148.png,0
dataset/train/hand/33149.png,0
dataset/train/hand/33150.png,0
dataset/train/hand/33151.png,0
dataset/train/hand/33152.png,0
dataset/train/hand/33153.png,0
dataset/train/hand/33154.png,0
dataset/train/hand/33155.png,0
dataset/train/hand/33156.png,0
dataset/train/hand/33157.png,0
dataset/train/hand/33158.png,0
dataset/train/hand/33159.png,0
dataset/train/hand/33160.png,0
dataset/train/hand/33161.png,0
dataset/train/hand/33162.png,0
dataset/train/hand/33163.png,0
dataset/train/hand/33164.png,0
dataset/train/hand/33165.png,0
dataset/train/hand/33166.png,0
dataset/train/hand/33168.png,0
dataset/train/hand/33169.png,0
dataset/train/hand/33170.png,0
dataset/train/hand/33171.png,0
dataset/train/hand/33172.png,0
dataset/train/hand/33173.png,0
dataset/train/hand/33174.png,0
dataset/train/hand/33175.png,0
dataset/train/hand/33176.png,0
dataset/train/hand/33177.png,0
dataset/train/hand/33178.png,0
dataset/train/hand/33179.png,0
dataset/train/hand/33180.png,0
dataset/train/hand/33181.png,0
dataset/train/hand/33182.png,0
dataset/train/hand/33183.png,0
dataset/train/hand/33184.png,0
dataset/train/hand/33185.png,0
dataset/train/hand/33186.png,0
dataset/train/hand/33187.png,0
dataset/train/hand/33188.png,0
dataset/train/hand/33190.png,0
dataset/train/hand/33191.png,0
dataset/train/hand/33192.png,0
dataset/train/hand/33193.png,0
dataset/train/hand/33194.png,0
dataset/train/hand/33195.png,0
dataset/train/hand/33196.png,0
dataset/train/hand/33197.png,0
dataset/train/hand/33198.png,0
dataset/train/hand/33199.png,0
dataset/train/hand/33200.png,0
dataset/train/hand/33201.png,0
dataset/train/hand/33202.png,0
dataset/train/hand/33203.png,0
dataset/train/hand/33204.png,0
dataset/train/hand/33205.png,0
dataset/train/hand/33206.png,0
dataset/train/hand/33209.png,0
dataset/train/hand/33210.png,0
dataset/train/hand/33211.png,0
dataset/train/hand/33212.png,0
dataset/train/hand/33213.png,0
dataset/train/hand/33214.png,0
dataset/train/hand/33215.png,0
dataset/train/hand/33216.png,0
dataset/train/hand/33217.png,0
dataset/train/hand/33218.png,0
dataset/train/hand/33219.png,0
dataset/train/hand/33220.png,0
dataset/train/hand/33221.png,0
dataset/train/hand/33222.png,0
dataset/train/hand/33223.png,0
dataset/train/hand/33224.png,0
dataset/train/hand/33225.png,0
dataset/train/hand/33226.png,0
dataset/train/hand/33227.png,0
dataset/train/hand/33228.png,0
dataset/train/hand/33229.png,0
dataset/train/hand/33230.png,0
dataset/train/hand/33231.png,0
dataset/train/hand/33232.png,0
dataset/train/hand/33233.png,0
dataset/train/hand/33234.png,0
dataset/train/hand/33235.png,0
dataset/train/hand/33236.png,0
dataset/train/hand/33237.png,0
dataset/train/hand/33238.png,0
dataset/train/hand/33239.png,0
dataset/train/hand/33241.png,0
dataset/train/hand/33245.png,0
dataset/train/hand/33246.png,0
dataset/train/hand/33247.png,0
dataset/train/hand/33248.png,0
dataset/train/hand/33249.png,0
dataset/train/hand/33250.png,0
dataset/train/hand/33251.png,0
dataset/train/hand/33252.png,0
dataset/train/hand/33253.png,0
dataset/train/hand/33254.png,0
dataset/train/hand/33255.png,0
dataset/train/hand/33256.png,0
dataset/train/hand/33257.png,0
dataset/train/hand/33258.png,0
dataset/train/hand/33260.png,0
dataset/train/hand/33261.png,0
dataset/train/hand/33262.png,0
dataset/train/hand/33263.png,0
dataset/train/hand/33264.png,0
dataset/train/hand/33265.png,0
dataset/train/hand/33266.png,0
dataset/train/hand/33267.png,0
dataset/train/hand/33268.png,0
dataset/train/hand/33269.png,0
dataset/train/hand/33270.png,0
dataset/train/hand/33271.png,0
dataset/train/hand/33272.png,0
dataset/train/hand/33273.png,0
dataset/train/hand/33274.png,0
dataset/train/hand/33275.png,0
dataset/train/hand/33276.png,0
dataset/train/hand/33277.png,0
dataset/train/hand/33278.png,0
dataset/train/hand/33279.png,0
dataset/train/hand/33280.png,0
dataset/train/hand/33281.png,0
dataset/train/hand/33282.png,0
dataset/train/hand/33283.png,0
dataset/train/hand/33284.png,0
dataset/train/hand/33285.png,0
dataset/train/hand/33286.png,0
dataset/train/hand/33288.png,0
dataset/train/hand/33289.png,0
dataset/train/hand/33290.png,0
dataset/train/hand/33291.png,0
dataset/train/hand/33292.png,0
dataset/train/hand/33293.png,0
dataset/train/hand/33294.png,0
dataset/train/hand/33295.png,0
dataset/train/hand/33296.png,0
dataset/train/hand/33297.png,0
dataset/train/hand/33298.png,0
dataset/train/hand/33299.png,0
dataset/train/hand/33300.png,0
dataset/train/hand/33301.png,0
dataset/train/hand/33302.png,0
dataset/train/hand/33303.png,0
dataset/train/hand/33304.png,0
dataset/train/hand/33305.png,0
dataset/train/hand/33306.png,0
dataset/train/hand/33307.png,0
dataset/train/hand/33308.png,0
dataset/train/hand/33309.png,0
dataset/train/hand/33310.png,0
dataset/train/hand/33311.png,0
dataset/train/hand/33312.png,0
dataset/train/hand/33313.png,0
dataset/train/hand/33314.png,0
dataset/train/hand/33315.png,0
dataset/train/hand/33316.png,0
dataset/train/hand/33317.png,0
dataset/train/hand/33318.png,0
dataset/train/hand/33319.png,0
dataset/train/hand/33320.png,0
dataset/train/hand/33321.png,0
dataset/train/hand/33322.png,0
dataset/train/hand/33323.png,0
dataset/train/hand/33324.png,0
dataset/train/hand/33325.png,0
dataset/train/hand/33329.png,0
dataset/train/hand/33330.png,0
dataset/train/hand/33331.png,0
dataset/train/hand/33332.png,0
dataset/train/hand/33333.png,0
dataset/train/hand/33334.png,0
dataset/train/hand/33335.png,0
dataset/train/hand/33336.png,0
dataset/train/hand/33337.png,0
dataset/train/hand/33338.png,0
dataset/train/hand/33339.png,0
dataset/train/hand/33340.png,0
dataset/train/hand/33341.png,0
dataset/train/hand/33342.png,0
dataset/train/hand/33343.png,0
dataset/train/hand/33345.png,0
dataset/train/hand/33346.png,0
dataset/train/hand/33347.png,0
dataset/train/hand/33353.png,0
dataset/train/hand/33354.png,0
dataset/train/hand/33355.png,0
dataset/train/hand/33356.png,0
dataset/train/hand/33357.png,0
dataset/train/hand/33358.png,0
dataset/train/hand/33359.png,0
dataset/train/hand/33360.png,0
dataset/train/hand/33361.png,0
dataset/train/hand/33362.png,0
dataset/train/hand/33363.png,0
dataset/train/hand/33364.png,0
dataset/train/hand/33365.png,0
dataset/train/hand/33366.png,0
dataset/train/hand/33367.png,0
dataset/train/hand/33368.png,0
dataset/train/hand/33369.png,0
dataset/train/hand/33370.png,0
dataset/train/hand/33371.png,0
dataset/train/hand/33372.png,0
dataset/train/hand/33373.png,0
dataset/train/hand/33374.png,0
dataset/train/hand/33375.png,0
dataset/train/hand/33376.png,0
dataset/train/hand/33377.png,0
dataset/train/hand/33378.png,0
dataset/train/hand/33379.png,0
dataset/train/hand/33380.png,0
dataset/train/hand/33381.png,0
dataset/train/hand/33382.png,0
dataset/train/hand/33383.png,0
dataset/train/hand/33384.png,0
dataset/train/hand/33385.png,0
dataset/train/hand/33386.png,0
dataset/train/hand/33387.png,0
dataset/train/hand/33388.png,0
dataset/train/hand/33389.png,0
dataset/train/hand/33390.png,0
dataset/train/hand/33391.png,0
dataset/train/hand/33392.png,0
dataset/train/hand/33393.png,0
dataset/train/hand/33394.png,0
dataset/train/hand/33395.png,0
dataset/train/hand/33396.png,0
dataset/train/hand/33397.png,0
dataset/train/hand/33398.png,0
dataset/train/hand/33399.png,0
dataset/train/hand/33400.png,0
dataset/train/hand/33401.png,0
dataset/train/hand/33402.png,0
dataset/train/hand/33403.png,0
dataset/train/hand/33404.png,0
dataset/train/hand/33405.png,0
dataset/train/hand/33406.png,0
dataset/train/hand/33407.png,0
dataset/train/hand/33408.png,0
dataset/train/hand/33409.png,0
dataset/train/hand/33410.png,0
dataset/train/hand/33411.png,0
dataset/train/hand/33412.png,0
dataset/train/hand/33413.png,0
dataset/train/hand/33414.png,0
dataset/train/hand/33415.png,0
dataset/train/hand/33416.png,0
dataset/train/hand/33417.png,0
dataset/train/hand/33418.png,0
dataset/train/hand/33419.png,0
dataset/train/hand/33420.png,0
dataset/train/hand/33421.png,0
dataset/train/hand/33422.png,0
dataset/train/hand/33423.png,0
dataset/train/hand/33424.png,0
dataset/train/hand/33425.png,0
dataset/train/hand/33426.png,0
dataset/train/hand/33427.png,0
dataset/train/hand/33428.png,0
dataset/train/hand/33429.png,0
dataset/train/hand/33430.png,0
dataset/train/hand/33431.png,0
dataset/train/hand/33432.png,0
dataset/train/hand/33433.png,0
dataset/train/hand/33434.png,0
dataset/train/hand/33435.png,0
dataset/train/hand/33436.png,0
dataset/train/hand/33437.png,0
dataset/train/hand/33438.png,0
dataset/train/hand/33439.png,0
dataset/train/hand/33440.png,0
dataset/train/hand/33441.png,0
dataset/train/hand/33444.png,0
dataset/train/hand/33445.png,0
dataset/train/hand/33446.png,0
dataset/train/hand/33447.png,0
dataset/train/hand/33448.png,0
dataset/train/hand/33449.png,0
dataset/train/hand/33450.png,0
dataset/train/hand/33451.png,0
dataset/train/hand/33452.png,0
dataset/train/hand/33453.png,0
dataset/train/hand/33454.png,0
dataset/train/hand/33455.png,0
dataset/train/hand/33456.png,0
dataset/train/hand/33457.png,0
dataset/train/hand/33458.png,0
dataset/train/hand/33459.png,0
dataset/train/hand/33460.png,0
dataset/train/hand/33461.png,0
dataset/train/hand/33462.png,0
dataset/train/hand/33463.png,0
dataset/train/hand/33464.png,0
dataset/train/hand/33465.png,0
dataset/train/hand/33466.png,0
dataset/train/hand/33468.png,0
dataset/train/hand/33469.png,0
dataset/train/hand/33470.png,0
dataset/train/hand/33471.png,0
dataset/train/hand/33472.png,0
dataset/train/hand/33473.png,0
dataset/train/hand/33474.png,0
dataset/train/hand/33475.png,0
dataset/train/hand/33476.png,0
dataset/train/hand/33477.png,0
dataset/train/hand/33478.png,0
dataset/train/hand/33479.png,0
dataset/train/hand/33480.png,0
dataset/train/hand/33481.png,0
dataset/train/hand/33482.png,0
dataset/train/hand/33483.png,0
dataset/train/hand/33484.png,0
dataset/train/hand/33485.png,0
dataset/train/hand/33486.png,0
dataset/train/hand/33487.png,0
dataset/train/hand/33488.png,0
dataset/train/hand/33489.png,0
dataset/train/hand/33490.png,0
dataset/train/hand/33491.png,0
dataset/train/hand/33492.png,0
dataset/train/hand/33493.png,0
dataset/train/hand/33494.png,0
dataset/train/hand/33495.png,0
dataset/train/hand/33496.png,0
dataset/train/hand/33497.png,0
dataset/train/hand/33498.png,0
dataset/train/hand/33499.png,0
dataset/train/hand/33500.png,0
dataset/train/hand/33501.png,0
dataset/train/hand/33502.png,0
dataset/train/hand/33503.png,0
dataset/train/hand/33504.png,0
dataset/train/hand/33505.png,0
dataset/train/hand/33506.png,0
dataset/train/hand/33507.png,0
dataset/train/hand/33508.png,0
dataset/train/hand/33510.png,0
dataset/train/hand/33511.png,0
dataset/train/hand/33512.png,0
dataset/train/hand/33513.png,0
dataset/train/hand/33515.png,0
dataset/train/hand/33516.png,0
dataset/train/hand/33517.png,0
dataset/train/hand/33518.png,0
dataset/train/hand/33519.png,0
dataset/train/hand/33520.png,0
dataset/train/hand/33521.png,0
dataset/train/hand/33522.png,0
dataset/train/hand/33523.png,0
dataset/train/hand/33524.png,0
dataset/train/hand/33528.png,0
dataset/train/hand/33529.png,0
dataset/train/hand/33530.png,0
dataset/train/hand/33531.png,0
dataset/train/hand/33532.png,0
dataset/train/hand/33533.png,0
dataset/train/hand/33534.png,0
dataset/train/hand/33535.png,0
dataset/train/hand/33536.png,0
dataset/train/hand/33537.png,0
dataset/train/hand/33538.png,0
dataset/train/hand/33540.png,0
dataset/train/hand/33541.png,0
dataset/train/hand/33542.png,0
dataset/train/hand/33543.png,0
dataset/train/hand/33544.png,0
dataset/train/hand/33545.png,0
dataset/train/hand/33546.png,0
dataset/train/hand/33547.png,0
dataset/train/hand/33548.png,0
dataset/train/hand/33549.png,0
dataset/train/hand/33550.png,0
dataset/train/hand/33551.png,0
dataset/train/hand/33552.png,0
dataset/train/hand/33553.png,0
dataset/train/hand/33554.png,0
dataset/train/hand/33555.png,0
dataset/train/hand/33556.png,0
dataset/train/hand/33557.png,0
dataset/train/hand/33558.png,0
dataset/train/hand/33559.png,0
dataset/train/hand/33560.png,0
dataset/train/hand/33561.png,0
dataset/train/hand/33562.png,0
dataset/train/hand/33563.png,0
dataset/train/hand/33564.png,0
dataset/train/hand/33565.png,0
dataset/train/hand/33566.png,0
dataset/train/hand/33567.png,0
dataset/train/hand/33568.png,0
dataset/train/hand/33569.png,0
dataset/train/hand/33570.png,0
dataset/train/hand/33571.png,0
dataset/train/hand/33572.png,0
dataset/train/hand/33573.png,0
dataset/train/hand/33574.png,0
dataset/train/hand/33575.png,0
dataset/train/hand/33576.png,0
dataset/train/hand/33577.png,0
dataset/train/hand/33578.png,0
dataset/train/hand/33579.png,0
dataset/train/hand/33580.png,0
dataset/train/hand/33581.png,0
dataset/train/hand/33582.png,0
dataset/train/hand/33583.png,0
dataset/train/hand/33585.png,0
dataset/train/hand/33586.png,0
dataset/train/hand/33587.png,0
dataset/train/hand/33588.png,0
dataset/train/hand/33589.png,0
dataset/train/hand/33590.png,0
dataset/train/hand/33591.png,0
dataset/train/hand/33592.png,0
dataset/train/hand/33593.png,0
dataset/train/hand/33594.png,0
dataset/train/hand/33595.png,0
dataset/train/hand/33596.png,0
dataset/train/hand/33597.png,0
dataset/train/hand/33598.png,0
dataset/train/hand/33599.png,0
dataset/train/hand/33600.png,0
dataset/train/hand/33601.png,0
dataset/train/hand/33602.png,0
dataset/train/hand/33603.png,0
dataset/train/hand/33604.png,0
dataset/train/hand/33605.png,0
dataset/train/hand/33606.png,0
dataset/train/hand/33607.png,0
dataset/train/hand/33608.png,0
dataset/train/hand/33609.png,0
dataset/train/hand/33610.png,0
dataset/train/hand/33611.png,0
dataset/train/hand/33612.png,0
dataset/train/hand/33613.png,0
dataset/train/hand/33614.png,0
dataset/train/hand/33615.png,0
dataset/train/hand/33616.png,0
dataset/train/hand/33617.png,0
dataset/train/hand/33618.png,0
dataset/train/hand/33619.png,0
dataset/train/hand/33620.png,0
dataset/train/hand/33623.png,0
dataset/train/hand/33624.png,0
dataset/train/hand/33625.png,0
dataset/train/hand/33626.png,0
dataset/train/hand/33627.png,0
dataset/train/hand/33628.png,0
dataset/train/hand/33629.png,0
dataset/train/hand/33630.png,0
dataset/train/hand/33631.png,0
dataset/train/hand/33632.png,0
dataset/train/hand/33633.png,0
dataset/train/hand/33634.png,0
dataset/train/hand/33635.png,0
dataset/train/hand/33636.png,0
dataset/train/hand/33637.png,0
dataset/train/hand/33638.png,0
dataset/train/hand/33639.png,0
dataset/train/hand/33640.png,0
dataset/train/hand/33641.png,0
dataset/train/hand/33642.png,0
dataset/train/hand/33643.png,0
dataset/train/hand/33644.png,0
dataset/train/hand/33645.png,0
dataset/train/hand/33646.png,0
dataset/train/hand/33647.png,0
dataset/train/hand/33648.png,0
dataset/train/hand/33649.png,0
dataset/train/hand/33650.png,0
dataset/train/hand/33651.png,0
dataset/train/hand/33652.png,0
dataset/train/hand/33653.png,0
dataset/train/hand/33654.png,0
dataset/train/hand/33655.png,0
dataset/train/hand/33656.png,0
dataset/train/hand/33657.png,0
dataset/train/hand/33658.png,0
dataset/train/hand/33659.png,0
dataset/train/hand/33660.png,0
dataset/train/hand/33661.png,0
dataset/train/hand/33662.png,0
dataset/train/hand/33663.png,0
dataset/train/hand/33664.png,0
dataset/train/hand/33665.png,0
dataset/train/hand/33666.png,0
dataset/train/hand/33667.png,0
dataset/train/hand/33668.png,0
dataset/train/hand/33669.png,0
dataset/train/hand/33670.png,0
dataset/train/hand/33671.png,0
dataset/train/hand/33672.png,0
dataset/train/hand/33673.png,0
dataset/train/hand/33674.png,0
dataset/train/hand/33675.png,0
dataset/train/hand/33676.png,0
dataset/train/hand/33677.png,0
dataset/train/hand/33678.png,0
dataset/train/hand/33679.png,0
dataset/train/hand/33680.png,0
dataset/train/hand/33681.png,0
dataset/train/hand/33682.png,0
dataset/train/hand/33683.png,0
dataset/train/hand/33684.png,0
dataset/train/hand/33685.png,0
dataset/train/hand/33686.png,0
dataset/train/hand/33687.png,0
dataset/train/hand/33688.png,0
dataset/train/hand/33689.png,0
dataset/train/hand/33690.png,0
dataset/train/hand/33691.png,0
dataset/train/hand/33692.png,0
dataset/train/hand/33693.png,0
dataset/train/hand/33694.png,0
dataset/train/hand/33695.png,0
dataset/train/hand/33696.png,0
dataset/train/hand/33697.png,0
dataset/train/hand/33698.png,0
dataset/train/hand/33699.png,0
dataset/train/hand/33700.png,0
dataset/train/hand/33701.png,0
dataset/train/hand/33702.png,0
dataset/train/hand/33703.png,0
dataset/train/hand/33704.png,0
dataset/train/hand/33705.png,0
dataset/train/hand/33706.png,0
dataset/train/hand/33707.png,0
dataset/train/hand/33708.png,0
dataset/train/hand/33709.png,0
dataset/train/hand/33710.png,0
dataset/train/hand/33711.png,0
dataset/train/hand/33712.png,0
dataset/train/hand/33713.png,0
dataset/train/hand/33714.png,0
dataset/train/hand/33715.png,0
dataset/train/hand/33716.png,0
dataset/train/hand/33717.png,0
dataset/train/hand/33718.png,0
dataset/train/hand/33719.png,0
dataset/train/hand/33720.png,0
dataset/train/hand/33721.png,0
dataset/train/hand/33722.png,0
dataset/train/hand/33723.png,0
dataset/train/hand/33727.png,0
dataset/train/hand/33728.png,0
dataset/train/hand/33729.png,0
dataset/train/hand/33730.png,0
dataset/train/hand/33731.png,0
dataset/train/hand/33732.png,0
dataset/train/hand/33733.png,0
dataset/train/hand/33734.png,0
dataset/train/hand/33735.png,0
dataset/train/hand/33736.png,0
dataset/train/hand/33737.png,0
dataset/train/hand/33738.png,0
dataset/train/hand/33739.png,0
dataset/train/hand/33740.png,0
dataset/train/hand/33741.png,0
dataset/train/hand/33742.png,0
dataset/train/hand/33743.png,0
dataset/train/hand/33744.png,0
dataset/train/hand/33745.png,0
dataset/train/hand/33746.png,0
dataset/train/hand/33747.png,0
dataset/train/hand/33748.png,0
dataset/train/hand/33749.png,0
dataset/train/hand/33750.png,0
dataset/train/hand/33751.png,0
dataset/train/hand/33752.png,0
dataset/train/hand/33753.png,0
dataset/train/hand/33754.png,0
dataset/train/hand/33757.png,0
dataset/train/hand/33758.png,0
dataset/train/hand/33759.png,0
dataset/train/hand/33762.png,0
dataset/train/hand/33763.png,0
dataset/train/hand/33764.png,0
dataset/train/hand/33765.png,0
dataset/train/hand/33766.png,0
dataset/train/hand/33767.png,0
dataset/train/hand/33768.png,0
dataset/train/hand/33769.png,0
dataset/train/hand/33770.png,0
dataset/train/hand/33771.png,0
dataset/train/hand/33772.png,0
dataset/train/hand/33773.png,0
dataset/train/hand/33774.png,0
dataset/train/hand/33775.png,0
dataset/train/hand/33776.png,0
dataset/train/hand/33777.png,0
dataset/train/hand/33778.png,0
dataset/train/hand/33779.png,0
dataset/train/hand/33780.png,0
dataset/train/hand/33781.png,0
dataset/train/hand/33782.png,0
dataset/train/hand/33783.png,0
dataset/train/hand/33784.png,0
dataset/train/hand/33785.png,0
dataset/train/hand/33786.png,0
dataset/train/hand/33787.png,0
dataset/train/hand/33788.png,0
dataset/train/hand/33791.png,0
dataset/train/hand/33792.png,0
dataset/train/hand/33793.png,0
dataset/train/hand/33794.png,0
dataset/train/hand/33795.png,0
dataset/train/hand/33797.png,0
dataset/train/hand/33799.png,0
dataset/train/hand/33800.png,0
dataset/train/hand/33801.png,0
dataset/train/hand/33802.png,0
dataset/train/hand/33803.png,0
dataset/train/hand/33804.png,0
dataset/train/hand/33805.png,0
dataset/train/hand/33806.png,0
dataset/train/hand/33809.png,0
dataset/train/hand/33810.png,0
dataset/train/hand/33811.png,0
dataset/train/hand/33812.png,0
dataset/train/hand/33813.png,0
dataset/train/hand/33814.png,0
dataset/train/hand/33815.png,0
dataset/train/hand/33816.png,0
dataset/train/hand/33817.png,0
dataset/train/hand/33818.png,0
dataset/train/hand/33819.png,0
dataset/train/hand/33820.png,0
dataset/train/hand/33821.png,0
dataset/train/hand/33822.png,0
dataset/train/hand/33823.png,0
dataset/train/hand/33824.png,0
dataset/train/hand/33825.png,0
dataset/train/hand/33826.png,0
dataset/train/hand/33827.png,0
dataset/train/hand/33828.png,0
dataset/train/hand/33829.png,0
dataset/train/hand/33830.png,0
dataset/train/hand/33831.png,0
dataset/train/hand/33832.png,0
dataset/train/hand/33833.png,0
dataset/train/hand/33835.png,0
dataset/train/hand/33836.png,0
dataset/train/hand/33837.png,0
dataset/train/hand/33838.png,0
dataset/train/hand/33839.png,0
dataset/train/hand/33840.png,0
dataset/train/hand/33843.png,0
dataset/train/hand/33844.png,0
dataset/train/hand/33845.png,0
dataset/train/hand/33846.png,0
dataset/train/hand/33847.png,0
dataset/train/hand/33848.png,0
dataset/train/hand/33849.png,0
dataset/train/hand/33850.png,0
dataset/train/hand/33851.png,0
dataset/train/hand/33852.png,0
dataset/train/hand/33853.png,0
dataset/train/hand/33854.png,0
dataset/train/hand/33855.png,0
dataset/train/hand/33856.png,0
dataset/train/hand/33857.png,0
dataset/train/hand/33858.png,0
dataset/train/hand/33859.png,0
dataset/train/hand/33862.png,0
dataset/train/hand/33866.png,0
dataset/train/hand/33867.png,0
dataset/train/hand/33868.png,0
dataset/train/hand/33869.png,0
dataset/train/hand/33870.png,0
dataset/train/hand/33871.png,0
dataset/train/hand/33872.png,0
dataset/train/hand/33874.png,0
dataset/train/hand/33875.png,0
dataset/train/hand/33876.png,0
dataset/train/hand/33877.png,0
dataset/train/hand/33878.png,0
dataset/train/hand/33879.png,0
dataset/train/hand/33880.png,0
dataset/train/hand/33881.png,0
dataset/train/hand/33882.png,0
dataset/train/hand/33883.png,0
dataset/train/hand/33884.png,0
dataset/train/hand/33885.png,0
dataset/train/hand/33886.png,0
dataset/train/hand/33887.png,0
dataset/train/hand/33888.png,0
dataset/train/hand/33890.png,0
dataset/train/hand/33891.png,0
dataset/train/hand/33892.png,0
dataset/train/hand/33893.png,0
dataset/train/hand/33894.png,0
dataset/train/hand/33895.png,0
dataset/train/hand/33896.png,0
dataset/train/hand/33897.png,0
dataset/train/hand/33898.png,0
dataset/train/hand/33899.png,0
dataset/train/hand/33900.png,0
dataset/train/hand/33901.png,0
dataset/train/hand/33902.png,0
dataset/train/hand/33903.png,0
dataset/train/hand/33904.png,0
dataset/train/hand/33905.png,0
dataset/train/hand/33906.png,0
dataset/train/hand/33907.png,0
dataset/train/hand/33908.png,0
dataset/train/hand/33909.png,0
dataset/train/hand/33910.png,0
dataset/train/hand/33911.png,0
dataset/train/hand/33912.png,0
dataset/train/hand/33913.png,0
dataset/train/hand/33914.png,0
dataset/train/hand/33915.png,0
dataset/train/hand/33916.png,0
dataset/train/hand/33917.png,0
dataset/train/hand/33918.png,0
dataset/train/hand/33919.png,0
dataset/train/hand/33920.png,0
dataset/train/hand/33921.png,0
dataset/train/hand/33922.png,0
dataset/train/hand/33923.png,0
dataset/train/hand/33924.png,0
dataset/train/hand/33925.png,0
dataset/train/hand/33926.png,0
dataset/train/hand/33927.png,0
dataset/train/hand/33928.png,0
dataset/train/hand/33929.png,0
dataset/train/hand/33930.png,0
dataset/train/hand/33931.png,0
dataset/train/hand/33932.png,0
dataset/train/hand/33933.png,0
dataset/train/hand/33934.png,0
dataset/train/hand/33935.png,0
dataset/train/hand/33936.png,0
dataset/train/hand/33937.png,0
dataset/train/hand/33938.png,0
dataset/train/hand/33939.png,0
dataset/train/hand/33940.png,0
dataset/train/hand/33941.png,0
dataset/train/hand/33942.png,0
dataset/train/hand/33943.png,0
dataset/train/hand/33945.png,0
dataset/train/hand/33946.png,0
dataset/train/hand/33947.png,0
dataset/train/hand/33948.png,0
dataset/train/hand/33949.png,0
dataset/train/hand/33950.png,0
dataset/train/hand/33951.png,0
dataset/train/hand/33952.png,0
dataset/train/hand/33953.png,0
dataset/train/hand/33954.png,0
dataset/train/hand/33955.png,0
dataset/train/hand/33956.png,0
dataset/train/hand/33957.png,0
dataset/train/hand/33958.png,0
dataset/train/hand/33959.png,0
dataset/train/hand/33960.png,0
dataset/train/hand/33961.png,0
dataset/train/hand/33962.png,0
dataset/train/hand/33963.png,0
dataset/train/hand/33964.png,0
dataset/train/hand/33965.png,0
dataset/train/hand/33966.png,0
dataset/train/hand/33967.png,0
dataset/train/hand/33968.png,0
dataset/train/hand/33969.png,0
dataset/train/hand/33970.png,0
dataset/train/hand/33971.png,0
dataset/train/hand/33975.png,0
dataset/train/hand/33976.png,0
dataset/train/hand/33977.png,0
dataset/train/hand/33978.png,0
dataset/train/hand/33979.png,0
dataset/train/hand/33980.png,0
dataset/train/hand/33981.png,0
dataset/train/hand/33982.png,0
dataset/train/hand/33983.png,0
dataset/train/hand/33984.png,0
dataset/train/hand/33985.png,0
dataset/train/hand/33986.png,0
dataset/train/hand/33987.png,0
dataset/train/hand/33988.png,0
dataset/train/hand/33989.png,0
dataset/train/hand/33990.png,0
dataset/train/hand/33991.png,0
dataset/train/hand/33992.png,0
dataset/train/hand/33993.png,0
dataset/train/hand/33994.png,0
dataset/train/hand/33995.png,0
dataset/train/hand/33998.png,0
dataset/train/hand/33999.png,0
dataset/train/hand/34000.png,0
dataset/train/hand/34001.png,0
dataset/train/hand/34002.png,0
dataset/train/hand/34003.png,0
dataset/train/hand/34004.png,0
dataset/train/hand/34005.png,0
dataset/train/hand/34006.png,0
dataset/train/hand/34007.png,0
dataset/train/hand/34008.png,0
dataset/train/hand/34009.png,0
dataset/train/hand/34010.png,0
dataset/train/hand/34011.png,0
dataset/train/hand/34012.png,0
dataset/train/hand/34013.png,0
dataset/train/hand/34014.png,0
dataset/train/hand/34015.png,0
dataset/train/hand/34016.png,0
dataset/train/hand/34017.png,0
dataset/train/hand/34019.png,0
dataset/train/hand/34024.png,0
dataset/train/hand/34025.png,0
dataset/train/hand/34026.png,0
dataset/train/hand/34027.png,0
dataset/train/hand/34028.png,0
dataset/train/hand/34029.png,0
dataset/train/hand/34030.png,0
dataset/train/hand/34031.png,0
dataset/train/hand/34032.png,0
dataset/train/hand/34033.png,0
dataset/train/hand/34034.png,0
dataset/train/hand/34035.png,0
dataset/train/hand/34036.png,0
dataset/train/hand/34037.png,0
dataset/train/hand/34038.png,0
dataset/train/hand/34039.png,0
dataset/train/hand/34040.png,0
dataset/train/hand/34041.png,0
dataset/train/hand/34042.png,0
dataset/train/hand/34043.png,0
dataset/train/hand/34044.png,0
dataset/train/hand/34045.png,0
dataset/train/hand/34046.png,0
dataset/train/hand/34048.png,0
dataset/train/hand/34049.png,0
dataset/train/hand/34050.png,0
dataset/train/hand/34051.png,0
dataset/train/hand/34052.png,0
dataset/train/hand/34053.png,0
dataset/train/hand/34054.png,0
dataset/train/hand/34055.png,0
dataset/train/hand/34056.png,0
dataset/train/hand/34057.png,0
dataset/train/hand/34058.png,0
dataset/train/hand/34059.png,0
dataset/train/hand/34060.png,0
dataset/train/hand/34061.png,0
dataset/train/hand/34062.png,0
dataset/train/hand/34063.png,0
dataset/train/hand/34064.png,0
dataset/train/hand/34065.png,0
dataset/train/hand/34066.png,0
dataset/train/hand/34067.png,0
dataset/train/hand/34068.png,0
dataset/train/hand/34069.png,0
dataset/train/hand/34070.png,0
dataset/train/hand/34071.png,0
dataset/train/hand/34072.png,0
dataset/train/hand/34073.png,0
dataset/train/hand/34074.png,0
dataset/train/hand/34075.png,0
dataset/train/hand/34076.png,0
dataset/train/hand/34077.png,0
dataset/train/hand/34078.png,0
dataset/train/hand/34079.png,0
dataset/train/hand/34080.png,0
dataset/train/hand/34081.png,0
dataset/train/hand/34082.png,0
dataset/train/hand/34083.png,0
dataset/train/hand/34084.png,0
dataset/train/hand/34085.png,0
dataset/train/hand/34086.png,0
dataset/train/hand/34087.png,0
dataset/train/hand/34088.png,0
dataset/train/hand/34089.png,0
dataset/train/hand/34090.png,0
dataset/train/hand/34091.png,0
dataset/train/hand/34092.png,0
dataset/train/hand/34093.png,0
dataset/train/hand/34094.png,0
dataset/train/hand/34095.png,0
dataset/train/hand/34096.png,0
dataset/train/hand/34097.png,0
dataset/train/hand/34098.png,0
dataset/train/hand/34099.png,0
dataset/train/hand/34100.png,0
dataset/train/hand/34106.png,0
dataset/train/hand/34107.png,0
dataset/train/hand/34108.png,0
dataset/train/hand/34109.png,0
dataset/train/hand/34110.png,0
dataset/train/hand/34111.png,0
dataset/train/hand/34112.png,0
dataset/train/hand/34113.png,0
dataset/train/hand/34114.png,0
dataset/train/hand/34115.png,0
dataset/train/hand/34116.png,0
dataset/train/hand/34117.png,0
dataset/train/hand/34118.png,0
dataset/train/hand/34119.png,0
dataset/train/hand/34121.png,0
dataset/train/hand/34122.png,0
dataset/train/hand/34123.png,0
dataset/train/hand/34124.png,0
dataset/train/hand/34125.png,0
dataset/train/hand/34126.png,0
dataset/train/hand/34127.png,0
dataset/train/hand/34130.png,0
dataset/train/hand/34131.png,0
dataset/train/hand/34132.png,0
dataset/train/hand/34133.png,0
dataset/train/hand/34134.png,0
dataset/train/hand/34135.png,0
dataset/train/hand/34136.png,0
dataset/train/hand/34137.png,0
dataset/train/hand/34138.png,0
dataset/train/hand/34139.png,0
dataset/train/hand/34140.png,0
dataset/train/hand/34141.png,0
dataset/train/hand/34142.png,0
dataset/train/hand/34143.png,0
dataset/train/hand/34144.png,0
dataset/train/hand/34145.png,0
dataset/train/hand/34146.png,0
dataset/train/hand/34147.png,0
dataset/train/hand/34148.png,0
dataset/train/hand/34149.png,0
dataset/train/hand/34150.png,0
dataset/train/hand/34151.png,0
dataset/train/hand/34152.png,0
dataset/train/hand/34153.png,0
dataset/train/hand/34154.png,0
dataset/train/hand/34155.png,0
dataset/train/hand/34156.png,0
dataset/train/hand/34157.png,0
dataset/train/hand/34158.png,0
dataset/train/hand/34159.png,0
dataset/train/hand/34160.png,0
dataset/train/hand/34161.png,0
dataset/train/hand/34162.png,0
dataset/train/hand/34163.png,0
dataset/train/hand/34164.png,0
dataset/train/hand/34165.png,0
dataset/train/hand/34166.png,0
dataset/train/hand/34167.png,0
dataset/train/hand/34168.png,0
dataset/train/hand/34169.png,0
dataset/train/hand/34170.png,0
dataset/train/hand/34171.png,0
dataset/train/hand/34172.png,0
dataset/train/hand/34173.png,0
dataset/train/hand/34174.png,0
dataset/train/hand/34175.png,0
dataset/train/hand/34176.png,0
dataset/train/hand/34177.png,0
dataset/train/hand/34178.png,0
dataset/train/hand/34179.png,0
dataset/train/hand/34180.png,0
dataset/train/hand/34181.png,0
dataset/train/hand/34182.png,0
dataset/train/hand/34183.png,0
dataset/train/hand/34184.png,0
dataset/train/hand/34185.png,0
dataset/train/hand/34186.png,0
dataset/train/hand/34187.png,0
dataset/train/hand/34188.png,0
dataset/train/hand/34189.png,0
dataset/train/hand/34190.png,0
dataset/train/hand/34191.png,0
dataset/train/hand/34192.png,0
dataset/train/hand/34193.png,0
dataset/train/hand/34194.png,0
dataset/train/hand/34195.png,0
dataset/train/hand/34196.png,0
dataset/train/hand/34197.png,0
dataset/train/hand/34198.png,0
dataset/train/hand/34199.png,0
dataset/train/hand/34200.png,0
dataset/train/hand/34201.png,0
dataset/train/hand/34202.png,0
dataset/train/hand/34203.png,0
dataset/train/hand/34204.png,0
dataset/train/hand/34205.png,0
dataset/train/hand/34208.png,0
dataset/train/hand/34209.png,0
dataset/train/hand/34210.png,0
dataset/train/hand/34211.png,0
dataset/train/hand/34212.png,0
dataset/train/hand/34213.png,0
dataset/train/hand/34214.png,0
dataset/train/hand/34215.png,0
dataset/train/hand/34216.png,0
dataset/train/hand/34217.png,0
dataset/train/hand/34218.png,0
dataset/train/hand/34219.png,0
dataset/train/hand/34220.png,0
dataset/train/hand/34221.png,0
dataset/train/hand/34222.png,0
dataset/train/hand/34223.png,0
dataset/train/hand/34224.png,0
dataset/train/hand/34225.png,0
dataset/train/hand/34226.png,0
dataset/train/hand/34227.png,0
dataset/train/hand/34228.png,0
dataset/train/hand/34229.png,0
dataset/train/hand/34230.png,0
dataset/train/hand/34231.png,0
dataset/train/hand/34232.png,0
dataset/train/hand/34233.png,0
dataset/train/hand/34234.png,0
dataset/train/hand/34235.png,0
dataset/train/hand/34236.png,0
dataset/train/hand/34237.png,0
dataset/train/hand/34238.png,0
dataset/train/hand/34239.png,0
dataset/train/hand/34240.png,0
dataset/train/hand/34241.png,0
dataset/train/hand/34242.png,0
dataset/train/hand/34243.png,0
dataset/train/hand/34244.png,0
dataset/train/hand/34245.png,0
dataset/train/hand/34246.png,0
dataset/train/hand/34250.png,0
dataset/train/hand/34251.png,0
dataset/train/hand/34252.png,0
dataset/train/hand/34253.png,0
dataset/train/hand/34254.png,0
dataset/train/hand/34255.png,0
dataset/train/hand/34256.png,0
dataset/train/hand/34257.png,0
dataset/train/hand/34258.png,0
dataset/train/hand/34262.png,0
dataset/train/hand/34263.png,0
dataset/train/hand/34264.png,0
dataset/train/hand/34265.png,0
dataset/train/hand/34266.png,0
dataset/train/hand/34267.png,0
dataset/train/hand/34268.png,0
dataset/train/hand/34269.png,0
dataset/train/hand/34270.png,0
dataset/train/hand/34271.png,0
dataset/train/hand/34272.png,0
dataset/train/hand/34273.png,0
dataset/train/hand/34274.png,0
dataset/train/hand/34275.png,0
dataset/train/hand/34276.png,0
dataset/train/hand/34277.png,0
dataset/train/hand/34278.png,0
dataset/train/hand/34279.png,0
dataset/train/hand/34280.png,0
dataset/train/hand/34281.png,0
dataset/train/hand/34282.png,0
dataset/train/hand/34283.png,0
dataset/train/hand/34284.png,0
dataset/train/hand/34285.png,0
dataset/train/hand/34286.png,0
dataset/train/hand/34287.png,0
dataset/train/hand/34288.png,0
dataset/train/hand/34289.png,0
dataset/train/hand/34290.png,0
dataset/train/hand/34291.png,0
dataset/train/hand/34292.png,0
dataset/train/hand/34293.png,0
dataset/train/hand/34294.png,0
dataset/train/hand/34295.png,0
dataset/train/hand/34296.png,0
dataset/train/hand/34297.png,0
dataset/train/hand/34298.png,0
dataset/train/hand/34299.png,0
dataset/train/hand/34300.png,0
dataset/train/hand/34301.png,0
dataset/train/hand/34302.png,0
dataset/train/hand/34303.png,0
dataset/train/hand/34304.png,0
dataset/train/hand/34305.png,0
dataset/train/hand/34306.png,0
dataset/train/hand/34307.png,0
dataset/train/hand/34308.png,0
dataset/train/hand/34309.png,0
